,CountryName,CityName,Traffic Index:,Time Index (in minutes):,Time Exp. Index:,Inefficiency Index:,CO2 Emission Index:
0,Afghanistan,Kabul,276.95,56.17,11544.88,322.02,9100.00
1,Albania,Tirana,122.19,38.53,1227.84,95.55,1509.06
2,Algeria,Algiers,247.82,52.71,8402.50,229.26,7796.43
3,Algeria,Tlemcen,215.86,56.67,12053.32,168.67,1326.67
4,Angola,Luanda,370.86,65.43,23369.50,426.01,17404.00
5,Argentina,Buenos Aires,204.58,49.19,5821.10,214.35,4153.19
6,Argentina,Cordoba,138.18,33.00,318.01,122.77,5816.29
7,Argentina,La Plata,154.15,39.11,1372.11,187.22,4136.89
8,Argentina,Mar del Plata,91.59,25.80,26.35,73.28,2714.00
9,Argentina,Mendoza,114.42,36.50,800.82,44.43,1845.50
10,Argentina,Rosario,83.29,25.61,25.86,60.30,2009.57
11,Armenia,Yerevan,108.24,31.03,163.11,90.15,3019.31
12,Australia,Adelaide,106.58,24.33,24.33,115.81,4430.61
13,Australia,Ballarat,65.97,15.57,15.57,23.72,1729.00
14,Australia,Blacktown,320.28,62.33,18829.65,333.97,10496.67
15,Australia,Brisbane,172.63,39.18,1390.65,217.68,6626.29
16,Australia,Cairns,189.15,37.67,1031.58,371.47,10019.33
17,Australia,Canberra,99.57,24.34,24.34,90.26,3695.80
18,Australia,Coffs Harbour,112.68,21.67,21.67,109.02,5763.33
19,Australia,Darwin,101.76,24.65,24.65,114.97,3772.50
20,Australia,Geelong,186.73,39.40,1447.90,325.17,8326.00
21,Australia,Geraldton,77.90,12.00,12.00,35.22,3192.00
22,Australia,Gold Coast,115.09,28.18,51.29,86.42,4963.90
23,Australia,Hobart,90.03,21.16,21.16,67.06,3145.47
24,Australia,Launceston,82.93,13.33,13.33,40.86,3546.67
25,Australia,Mackay,78.84,12.50,12.50,26.44,3325.00
26,Australia,Melbourne,176.76,40.56,1779.53,209.21,6328.30
27,Australia,Newcastle,127.57,29.06,74.12,218.16,5644.82
28,Australia,"Orange, NSW",71.95,10.50,10.50,28.74,2793.00
29,Australia,Perth,157.20,36.08,726.70,188.77,6468.86
30,Australia,Rockhampton,140.87,29.67,95.52,158.56,7891.33
31,Australia,Surfers Paradise. Gold Coast. Queensland.,114.27,26.25,28.08,82.78,5420.00
32,Australia,Sydney,190.91,43.19,2700.97,293.19,6182.04
33,Australia,Toowoomba,68.27,17.00,17.00,15.96,1862.00
34,Australia,Townsville,101.00,18.43,18.43,87.53,4750.00
35,Australia,Wollongong,150.61,32.38,260.84,208.64,7680.75
36,Austria,Graz,102.39,29.96,107.60,154.33,2463.92
37,Austria,Innsbruck,74.38,27.30,36.92,72.51,1055.20
38,Austria,Klagenfurt,66.44,18.20,18.20,68.99,1272.00
39,Austria,Linz,75.56,22.50,22.50,31.18,1826.25
40,Austria,Salzburg,118.18,36.78,852.33,107.37,1751.11
41,Austria,Vienna,78.12,25.86,26.51,55.21,1574.69
42,Austria,Villach,60.83,17.14,17.14,20.89,1224.18
43,Azerbaijan,Baku,152.12,37.80,1059.78,192.31,4610.08
44,Bahamas,Freeport,78.89,12.50,12.50,26.93,3325.00
45,Bahamas,Nassau,128.26,28.50,58.63,104.63,6703.20
46,Bahrain,Manama,140.39,30.75,146.89,203.33,6932.75
47,Bangladesh,Chittagong,344.74,69.25,29858.27,377.06,6935.00
48,Bangladesh,Dhaka,283.49,60.41,16312.35,347.06,5887.90
49,Barbados,Bridgetown,157.01,36.67,831.47,137.81,6363.33
50,Belarus,Brest,74.99,28.33,54.72,28.10,1153.33
51,Belarus,Gomel,138.72,38.00,1104.63,122.40,3183.71
52,Belarus,Minsk,109.54,29.93,106.57,97.41,3529.25
53,Belarus,Mogilev,48.69,16.00,16.00,11.50,640.00
54,Belgium,Antwerp,163.54,37.80,1060.41,210.01,6191.47
55,Belgium,Brussels,148.09,36.74,845.99,183.26,4722.14
56,Belgium,Charleroi,266.10,55.00,10411.95,341.56,8205.00
57,Belgium,Gent,168.54,41.40,2048.79,257.85,4331.43
58,Belgium,Hasselt,147.46,40.75,1837.74,164.62,2602.50
59,Belgium,Leuven,98.38,29.84,102.64,105.21,2318.42
60,Belgium,Liege,111.31,27.50,39.57,83.96,4672.50
61,Belgium,Mechelen,149.40,36.83,862.89,153.98,5010.00
62,Bermuda,Hamilton,156.83,39.62,1508.75,259.36,3876.25
63,Bolivia,Cochabamba,97.59,28.40,56.24,80.43,2780.00
64,Bolivia,La Paz,269.79,59.20,14847.40,294.98,5122.00
65,Bolivia,Santa Cruz,130.39,35.60,648.05,96.72,3539.60
66,Bosnia And Herzegovina,Banja Luka,72.61,21.39,21.39,46.62,1581.22
67,Bosnia And Herzegovina,Mostar,74.13,17.60,17.60,25.65,2234.40
68,Bosnia And Herzegovina,Sarajevo,104.71,28.69,63.44,84.63,3463.60
69,Bosnia And Herzegovina,Trebinje,29.75,22.50,22.50,6.30,0.00
70,Bosnia And Herzegovina,Tuzla,116.48,30.50,133.42,104.37,4123.00
71,Botswana,Gaborone,127.22,28.53,59.44,95.84,6591.33
72,Brazil,Aracaju,104.94,22.33,22.33,64.70,4876.67
73,Brazil,Balneario Camboriu,198.38,52.67,8363.51,173.99,1686.67
74,Brazil,Bauru,71.76,22.00,22.00,41.87,1490.00
75,Brazil,Belem,93.39,29.25,80.32,60.72,2245.00
76,Brazil,Belo Horizonte,187.23,43.41,2791.10,212.62,5838.26
77,Brazil,Blumenau - Santa Catarina,82.77,28.33,54.72,84.23,1433.33
78,Brazil,Boa Vista,82.96,13.33,13.33,41.20,3546.67
79,Brazil,Brasilia,130.94,30.57,136.84,141.32,5897.13
80,Brazil,Campina Grande,116.09,37.33,961.74,95.33,1442.67
81,Brazil,Campinas,114.46,28.44,57.18,130.96,4491.28
82,Brazil,Campo Grande,189.90,49.25,5857.39,171.44,2603.50
83,Brazil,Caxias do Sul,90.31,17.86,17.86,43.32,3800.00
84,Brazil,Cuiaba,92.19,18.00,18.00,54.73,3912.00
85,Brazil,Curitiba,131.02,32.41,264.12,138.88,4980.40
86,Brazil,Florianopolis,197.94,46.59,4282.28,203.90,5130.45
87,Brazil,Fortaleza,187.84,45.33,3643.49,156.15,4850.83
88,Brazil,Foz do Iguaçu,205.48,44.25,3144.84,213.46,8197.50
89,Brazil,Goiania,118.26,29.31,82.28,171.00,4462.77
90,Brazil,Guarulhos,301.34,61.60,17843.67,335.56,7716.00
91,Brazil,Indaiatuba,173.10,40.00,1613.79,173.18,6363.33
92,Brazil,Joao Pessoa,156.21,41.43,2056.74,136.23,3335.71
93,Brazil,Joinville,161.16,36.94,882.91,125.78,6938.12
94,Brazil,Juiz de Fora,83.51,28.75,65.09,48.25,1580.00
95,Brazil,Jundiai,218.94,43.33,2758.81,247.15,11526.67
96,Brazil,Londrina,95.91,24.33,24.33,73.71,3370.89
97,Brazil,Manaus,176.39,39.22,1400.95,125.42,7839.78
98,Brazil,Maringa,107.30,26.00,27.00,81.70,4497.60
99,Brazil,Natal,108.26,22.44,22.44,80.25,5201.78
100,Brazil,Niteroi,369.70,77.00,46270.48,357.14,3445.38
101,Brazil,Osasco,362.08,72.50,36190.67,256.64,6942.50
102,Brazil,Piracicaba,27.06,22.33,22.33,0.00,0.00
103,Brazil,Porto Alegre,123.48,31.32,181.27,116.70,4609.43
104,Brazil,Recife,202.45,46.49,4227.09,218.59,5800.87
105,Brazil,Ribeirao Preto,149.84,32.17,243.51,187.15,7813.00
106,Brazil,Rio de Janeiro,229.53,51.34,7319.91,238.91,5957.48
107,Brazil,Salvador,158.34,38.35,1185.54,175.01,5231.53
108,Brazil,Santo Andre,299.49,62.14,18570.31,392.25,6604.29
109,Brazil,Sao Bernardo do Campo,134.79,35.00,557.74,93.52,4423.33
110,Brazil,Sao Jose dos Campos,73.29,17.91,17.91,50.22,1941.27
111,Brazil,Sao Paulo,232.08,50.19,6492.50,275.27,7177.06
112,Brazil,Sorocaba,73.85,11.67,11.67,21.82,2926.00
113,Brazil,Uberlandia,86.52,24.50,24.50,57.37,2450.00
114,Brazil,Vitoria,170.20,39.90,1585.34,215.38,5746.80
115,Brunei,Bandar Seri Begawan,131.84,27.11,34.69,245.94,6916.00
116,Bulgaria,Burgas,68.31,18.27,18.27,28.49,1633.82
117,Bulgaria,Pleven,86.85,33.33,351.79,58.95,733.33
118,Bulgaria,Plovdiv,77.89,26.19,27.82,60.26,1494.11
119,Bulgaria,Sofia,108.74,30.40,128.22,95.89,3274.81
120,Bulgaria,Stara Zagora,77.75,19.00,19.00,31.69,2377.50
121,Bulgaria,Varna,89.72,29.32,82.83,97.22,1717.00
122,Bulgaria,Veliko Tarnovo,71.16,16.00,16.00,49.75,1945.50
123,Cambodia,Phnom Penh,116.77,30.85,152.34,121.99,3910.77
124,Cambodia,Siem Reap,32.51,7.50,7.50,5.15,400.00
125,Cameroon,Douala,197.26,40.00,1613.79,194.12,10640.00
126,Canada,Abbotsford,167.00,34.67,511.38,249.44,8822.33
127,Canada,"Aurora, ON",116.93,31.67,205.29,123.08,3580.67
128,Canada,Barrie,132.85,27.50,39.57,183.13,7315.00
129,Canada,Brampton,199.95,44.70,3346.30,208.85,6881.60
130,Canada,Brantford,115.76,23.64,23.64,212.36,5282.00
131,Canada,Burlington,182.74,40.15,1658.21,208.52,7643.08
132,Canada,Burnaby,103.99,21.40,21.40,82.92,4741.60
133,Canada,Calgary,129.01,30.02,110.32,140.76,5870.93
134,Canada,Cambridge,154.64,32.83,301.99,213.23,8068.67
135,Canada,Charlottetown,88.08,18.33,18.33,34.98,3546.67
136,Canada,Chilliwack,118.73,23.25,23.25,144.41,6184.50
137,Canada,Coquitlam,225.52,48.71,5514.65,187.92,7892.00
138,Canada,Courtenay,81.08,13.75,13.75,35.54,3325.00
139,Canada,Cranbrook,66.48,12.33,12.33,24.89,2084.00
140,Canada,"Delta, BC",173.95,39.60,1501.91,211.26,6571.60
141,Canada,Edmonton,122.97,29.29,81.72,134.73,5334.16
142,Canada,Fort McMurray,211.40,43.08,2659.08,391.39,9402.33
143,Canada,Fredericton,90.92,20.14,20.14,56.57,3453.43
144,Canada,Gatineau,148.95,35.00,557.74,117.68,6318.40
145,Canada,Grande Prairie,96.76,17.33,17.33,54.22,4610.67
146,Canada,Guelph,92.84,23.42,23.42,65.37,3192.17
147,Canada,Halifax,118.87,30.55,136.20,130.83,4252.43
148,Canada,Hamilton,134.74,33.03,320.81,213.80,4785.77
149,Canada,"Iqaluit, NU",58.26,15.00,15.00,8.53,1330.00
150,Canada,Kamloops,91.73,26.60,30.19,85.08,2541.00
151,Canada,Kelowna,113.35,28.93,70.31,156.08,4037.53
152,Canada,Kingston,121.87,31.71,208.73,139.71,4082.29
153,Canada,Kitchener,109.72,26.35,28.63,72.96,4827.41
154,Canada,"Langley, BC",113.82,30.67,142.29,79.88,3880.00
155,Canada,"Lethbridge, AB",105.96,24.60,24.60,96.79,4430.40
156,Canada,London,120.44,30.47,132.06,93.76,4731.58
157,Canada,Markham,160.89,38.75,1281.05,211.99,5153.50
158,Canada,Medicine Hat,72.65,12.67,12.67,27.92,2615.67
159,Canada,Mississauga,166.37,38.06,1117.70,194.24,6552.09
160,Canada,Moncton,77.84,15.86,15.86,36.73,2698.00
161,Canada,Montreal,164.09,39.76,1547.17,179.81,5124.17
162,Canada,"Nanaimo, BC",95.73,18.90,18.90,64.98,4149.60
163,Canada,Nelson BC,122.22,26.67,30.68,233.28,5586.00
164,Canada,New Westminster,131.98,29.50,89.15,105.36,6851.50
165,Canada,"Newmarket, ON",167.34,42.00,2253.60,181.52,4146.67
166,Canada,Niagara Falls,157.69,32.67,286.54,450.55,7545.67
167,Canada,North Bay,58.01,13.33,13.33,11.32,1418.67
168,Canada,North Vancouver,246.22,49.62,6105.16,225.61,10698.75
169,Canada,Oakville,298.00,57.33,12753.00,355.86,11854.00
170,Canada,Oshawa,143.05,33.57,377.37,101.28,6398.57
171,Canada,Ottawa,119.77,31.59,200.03,114.82,4009.06
172,Canada,Parksville,95.82,20.50,20.50,58.11,3990.00
173,Canada,Peterborough,75.87,19.00,19.00,61.50,1995.60
174,Canada,Prince George,86.60,17.50,17.50,52.63,3325.00
175,Canada,Quebec City,105.23,27.31,37.10,93.49,3863.60
176,Canada,Red Deer,90.51,19.33,19.33,63.63,3458.22
177,Canada,Regina,88.76,17.20,17.20,56.37,3588.56
178,Canada,Richmond,98.18,22.75,22.75,67.61,3899.00
179,Canada,Richmond Hill,99.87,23.67,23.67,132.35,3580.00
180,Canada,Saguenay,119.57,23.67,23.67,136.78,6295.33
181,Canada,"Saint John, New Brunswick",95.37,19.57,19.57,67.42,3990.00
182,Canada,Sarnia,72.23,14.33,14.33,37.03,2306.00
183,Canada,Saskatoon,75.22,16.24,16.24,33.56,2416.71
184,Canada,Sault Ste. Marie,61.44,8.67,8.67,32.02,1950.67
185,Canada,Sherbrooke,105.74,23.88,23.88,164.54,4115.25
186,Canada,"St. John's, Newfoundland and Labrador",94.75,19.33,19.33,99.93,3724.00
187,Canada,St.Catharines,112.92,23.00,23.00,64.78,5940.67
188,Canada,Sudbury,184.56,38.12,1132.86,318.71,9011.00
189,Canada,Surrey,159.43,36.69,836.26,197.92,6360.77
190,Canada,"Sydney, NS",102.78,19.00,19.00,69.42,5054.00
191,Canada,Thunder Bay,84.01,17.29,17.29,43.12,3135.43
192,Canada,Toronto,202.45,44.97,3468.91,256.16,6819.12
193,Canada,Vancouver,149.00,36.63,825.37,156.27,5060.41
194,Canada,Vaughan,292.06,62.67,19288.97,202.27,5820.00
195,Canada,Victoria,121.13,30.10,113.99,160.93,4578.43
196,Canada,Waterloo,95.11,21.11,21.11,84.93,3622.44
197,Canada,"Whitby, ON",209.76,45.00,3485.06,268.81,7980.00
198,Canada,Whitehorse,70.16,14.00,14.00,25.02,2248.00
199,Canada,Windsor,99.16,22.74,22.74,76.74,3955.37
200,Canada,Winnipeg,127.97,31.46,190.55,124.83,5117.32
201,Canada,Yellowknife,39.80,13.40,13.40,4.46,425.60
202,Cayman Islands,George Town,71.26,10.20,10.20,33.40,2713.20
203,Chile,Concepcion,104.87,32.67,286.54,83.38,2129.00
204,Chile,La Serena,85.14,29.33,83.17,70.84,1464.67
205,Chile,Santiago,136.75,37.03,901.52,120.24,3448.55
206,Chile,Vina del Mar,48.82,23.00,23.00,5.79,346.67
207,China,Baotou,41.18,16.11,16.11,8.18,331.11
208,China,Beijing,182.40,43.38,2778.79,192.59,5244.86
209,China,Chengdu,129.12,37.60,1017.35,67.73,2641.00
210,China,Chongqing,172.84,52.17,7961.05,283.69,213.33
211,China,Guangzhou,134.53,36.77,851.38,130.02,3269.00
212,China,Hangzhou,139.13,39.00,1343.67,141.12,2661.82
213,China,Nanjing,128.56,37.11,916.94,139.64,2435.56
214,China,"Qingdao, Shandong",82.43,27.46,39.03,85.96,1556.54
215,China,Shanghai,183.72,46.43,4198.15,216.99,3336.32
216,China,Shenyang,97.45,20.75,20.75,80.62,3990.00
217,China,Shenzhen,117.41,35.90,696.20,96.09,2054.62
218,China,Suzhou,68.44,21.90,21.90,78.02,1091.00
219,China,Tianjin,200.45,47.00,4504.42,182.16,5306.00
220,China,Wuhan,118.08,34.50,489.20,142.84,2451.00
221,China,Xi'an,123.69,43.00,2626.36,166.22,274.00
222,China,Xiamen,244.67,56.75,12139.41,200.47,4042.50
223,China,Zhuhai,249.52,54.25,9722.40,316.92,6220.00
224,Colombia,Barranquilla,144.00,38.00,1104.63,139.30,3715.71
225,Colombia,Bogota,228.05,52.16,7958.71,239.17,5071.40
226,Colombia,Bucaramanga,157.27,40.00,1613.79,143.55,4240.00
227,Colombia,Cali,140.96,35.88,692.48,109.45,4666.25
228,Colombia,Cartagena,125.16,30.00,109.43,77.05,5763.33
229,Colombia,Manizales,65.28,23.33,23.33,15.63,1100.00
230,Colombia,Medellin,158.40,38.83,1301.79,162.56,5003.71
231,Costa Rica,Cartago,333.20,73.75,38834.37,342.53,1925.00
232,Costa Rica,San Jose,331.12,64.02,21222.46,361.89,10485.52
233,Croatia,Dubrovnik,100.70,21.00,21.00,71.22,4446.00
234,Croatia,Osijek,54.52,16.69,16.69,15.26,890.31
235,Croatia,Pula,60.48,11.17,11.17,24.27,1685.00
236,Croatia,Rijeka,72.34,18.09,18.09,35.74,1937.83
237,Croatia,Slavonski Brod,56.49,12.67,12.67,14.40,1330.00
238,Croatia,Split,62.94,15.93,15.93,79.41,1163.17
239,Croatia,Varazdin,116.07,23.67,23.67,76.68,6206.67
240,Croatia,Zagreb,116.77,31.81,216.06,116.35,3536.28
241,Cuba,Havana,215.04,56.25,11628.66,183.27,1400.00
242,Cyprus,Larnaca,265.05,50.00,6359.50,459.21,12967.50
243,Cyprus,Limassol,92.73,20.00,20.00,99.51,3396.76
244,Cyprus,Nicosia,110.71,25.07,25.07,121.85,4843.17
245,Cyprus,Paphos,68.35,12.14,12.14,24.74,2280.00
246,Czech Republic,Brno,83.62,25.88,26.59,63.87,1988.40
247,Czech Republic,Hradec Kralove,57.44,19.75,19.75,27.94,782.00
248,Czech Republic,Jihlava,43.56,18.67,18.67,5.35,333.33
249,Czech Republic,Liberec,61.72,22.75,22.75,27.45,839.00
250,Czech Republic,Mlada Boleslav,101.37,20.33,20.33,63.59,4699.33
251,Czech Republic,Olomouc,106.80,28.50,58.63,68.81,3887.50
252,Czech Republic,Ostrava,72.43,16.89,16.89,43.75,2008.67
253,Czech Republic,Pardubice,57.46,12.75,12.75,21.77,1330.00
254,Czech Republic,Plzen,73.13,21.00,21.00,46.89,1656.50
255,Czech Republic,Prague,100.44,32.17,243.63,78.36,1919.76
256,Denmark,Aalborg,59.36,25.90,26.65,30.62,518.00
257,Denmark,Arhus,85.30,28.11,49.98,165.77,1386.89
258,Denmark,Copenhagen,85.04,28.32,54.39,106.22,1524.22
259,Denmark,Odense,112.13,35.43,621.33,250.01,1293.14
260,Denmark,Vejle,111.96,25.00,25.00,128.53,4987.50
261,Djibouti,Djibouti,164.59,38.25,1161.56,168.43,6285.00
262,Dominican Republic,Santiago de los Caballeros,283.72,57.50,12931.84,256.39,9310.00
263,Dominican Republic,Santo Domingo,169.37,37.56,1007.94,155.07,7676.11
264,Ecuador,Cuenca,102.80,35.20,586.84,70.86,1222.00
265,Ecuador,Guayaquil,157.56,34.91,544.83,143.37,7627.64
266,Ecuador,Quito,182.62,40.87,1874.82,203.16,7089.37
267,Egypt,Alexandria,166.54,40.38,1725.67,202.17,4956.00
268,Egypt,Cairo,243.75,50.02,6375.20,294.64,9355.00
269,Egypt,Giza,224.18,50.00,6359.50,145.39,6785.00
270,Egypt,Mansoura (El Mansura),70.97,17.67,17.67,24.30,1950.67
271,El Salvador,San Salvador,215.51,44.35,3188.92,236.66,9862.30
272,Estonia,Rakvere,19.44,15.50,15.50,0.00,0.00
273,Estonia,Tallinn,92.76,26.29,28.28,111.00,2562.20
274,Estonia,Tartu,51.95,16.30,16.30,17.26,753.83
275,Ethiopia,Addis Ababa,255.07,59.10,14730.05,277.86,3356.80
276,Fiji,Suva,143.92,34.82,532.12,241.29,4970.91
277,Finland,Espoo,107.73,29.64,94.33,83.51,3509.27
278,Finland,Helsinki,86.85,29.45,87.25,72.89,1562.18
279,Finland,Jyvaskyla,69.44,20.25,20.25,60.10,1364.00
280,Finland,Lahti,147.91,40.00,1613.79,155.10,3056.00
281,Finland,Oulu,74.90,18.91,18.91,44.50,2022.00
282,Finland,Tampere,77.56,29.05,73.77,89.18,929.14
283,Finland,Turku,68.40,27.06,34.18,55.70,785.88
284,Finland,Vaasa,101.51,24.33,24.33,49.03,4256.00
285,Finland,Vantaa,104.84,32.40,262.98,62.51,2334.80
286,France,Angers,120.07,35.67,658.64,66.28,2560.00
287,France,Annecy,248.34,53.33,8919.88,275.41,7050.00
288,France,Antibes,173.25,42.00,2253.60,143.06,5157.78
289,France,Bordeaux,99.39,28.82,66.98,84.21,2830.91
290,France,Grenoble,85.26,25.00,25.00,95.36,2069.50
291,France,Lille,141.22,35.90,696.62,159.20,4397.00
292,France,Lyon,144.55,36.21,748.73,195.12,4490.14
293,France,Marseille,124.25,32.77,295.93,115.50,4035.62
294,France,Metz,117.26,29.00,72.31,75.07,5054.00
295,France,Montpellier,110.85,31.29,179.25,124.28,3028.00
296,France,Nancy,91.14,32.00,230.25,50.54,1358.57
297,France,Nantes,97.86,29.29,81.81,98.77,2458.82
298,France,Nice,156.78,40.19,1668.03,155.74,4003.75
299,France,Paris,153.43,41.84,2196.38,153.47,2739.76
300,France,Rennes,80.62,25.17,25.17,43.24,1923.33
301,France,Rouen,54.42,26.00,27.00,34.90,300.00
302,France,Strasbourg,106.03,25.64,25.94,102.43,4247.71
303,France,Toulouse,115.15,30.83,151.61,89.47,3911.67
304,France,Valence,86.78,22.00,22.00,38.42,2904.00
305,French Guiana,Cayenne,127.71,27.50,39.57,220.46,6252.50
306,Georgia,"Batumi, Ajara",58.03,28.00,47.81,61.48,233.33
307,Georgia,Tbilisi,130.19,37.21,936.21,149.10,2517.51
308,Germany,Aachen,73.60,22.76,22.76,35.57,1607.88
309,Germany,Augsburg,188.76,46.86,4426.03,263.69,3497.14
310,Germany,Bamberg,103.00,30.75,146.89,73.07,2660.50
311,Germany,Berlin,103.02,34.25,457.37,112.60,1351.97
312,Germany,Bielefeld,94.27,20.83,20.83,92.00,3514.00
313,Germany,Bonn,75.17,23.11,23.11,59.99,1561.11
314,Germany,Braunschweig,139.45,39.43,1455.53,167.40,2394.29
315,Germany,Bremen,118.45,33.86,410.46,182.86,2580.73
316,Germany,Cologne,137.74,36.09,728.29,162.10,3835.12
317,Germany,Darmstadt,68.87,20.89,20.89,39.06,1381.11
318,Germany,Dortmund,71.88,22.00,22.00,38.33,1520.89
319,Germany,Dresden,82.00,24.60,24.60,67.73,1954.53
320,Germany,Duisburg,219.02,52.33,8093.80,151.39,4150.00
321,Germany,Dusseldorf,114.23,30.30,123.18,143.83,3702.00
322,Germany,Erlangen,48.53,8.75,8.75,19.88,1047.50
323,Germany,Frankfurt,83.15,26.18,27.73,57.08,1949.62
324,Germany,Freiburg im Breisgau,65.53,28.80,66.47,93.18,358.00
325,Germany,Goettingen,72.97,18.25,18.25,33.49,1995.00
326,Germany,Hamburg,121.88,34.69,514.20,143.67,2759.19
327,Germany,Hanover,65.36,19.88,19.88,37.52,1218.12
328,Germany,Heidelberg,60.33,20.11,20.11,22.93,957.56
329,Germany,Kaiserslautern,75.26,26.33,28.52,38.86,1395.00
330,Germany,Karlsruhe,70.96,24.69,24.69,58.27,1133.08
331,Germany,Kassel,49.61,18.75,18.75,25.81,460.00
332,Germany,Kiel,101.16,31.00,161.39,74.89,2382.00
333,Germany,Koblenz,61.89,14.67,14.67,26.44,1463.33
334,Germany,Leipzig,84.87,29.08,74.69,180.78,1136.00
335,Germany,Ludwigshafen,124.41,26.67,30.68,113.53,6650.00
336,Germany,Magdeburg,92.43,28.50,58.63,72.25,2282.50
337,Germany,Mainz,73.21,19.33,19.33,30.37,1933.33
338,Germany,Mannheim,122.28,34.46,484.18,136.77,2928.62
339,Germany,Marburg,56.21,26.00,27.00,20.40,420.00
340,Germany,Munich,111.98,32.91,309.65,118.67,2558.40
341,Germany,Munster,79.78,28.50,58.63,146.38,993.67
342,Germany,Nuremberg,135.69,36.48,796.50,123.38,3585.62
343,Germany,Oldenburg,90.33,29.20,78.65,168.41,1543.60
344,Germany,Pforzheim,100.84,25.75,26.21,68.38,3807.50
345,Germany,Regensburg,80.02,24.30,24.30,62.90,1837.00
346,Germany,Rostock,55.37,17.33,17.33,16.77,886.67
347,Germany,Stuttgart,125.22,34.06,434.03,154.73,3350.16
348,Germany,Trier,187.18,39.14,1380.31,280.46,8861.71
349,Germany,Wiesbaden,102.51,21.17,21.17,85.52,4555.33
350,Germany,Wolfsburg,160.50,37.50,996.26,119.03,6485.00
351,Germany,Wuerzburg,107.37,22.50,22.50,90.35,4987.50
352,Ghana,Accra,272.28,52.50,8227.95,601.93,10928.33
353,Ghana,Kumasi,34.58,3.00,3.00,2.57,798.00
354,Gibraltar,Gibraltar,60.84,20.00,20.00,22.89,997.50
355,Greece,Athens,155.97,38.00,1104.63,150.97,5248.01
356,Greece,Chania,117.33,32.43,265.43,231.50,2851.43
357,Greece,Corfu,74.43,20.00,20.00,42.73,1885.00
358,Greece,Heraklion,81.00,20.00,20.00,40.64,2515.71
359,Greece,Ioannina,114.42,27.10,34.61,84.38,5220.60
360,Greece,Katerini,68.34,15.00,15.00,23.05,1995.00
361,Greece,Kavala,147.30,36.25,756.24,155.05,5055.00
362,Greece,Komotini,70.22,23.50,23.50,44.02,1241.67
363,Greece,Larissa,95.22,18.20,18.20,88.46,4012.40
364,Greece,Mytilene,88.32,29.33,83.17,35.28,1929.33
365,Greece,Patras,118.18,33.77,399.56,113.94,2888.46
366,Greece,Rhodes,79.95,15.80,15.80,36.99,2926.00
367,Greece,Thessaloniki,110.37,28.97,71.47,115.27,3870.03
368,Greece,Veria,53.51,12.67,12.67,11.12,1152.67
369,Greece,Xanthi,52.30,11.00,11.00,11.44,1197.00
370,Greenland,Nuuk,100.90,23.33,23.33,91.65,3990.00
371,Guatemala,Guatemala City,259.56,49.81,6231.51,285.50,12975.81
372,Honduras,Tegucigalpa,113.59,22.43,22.43,89.04,5928.00
373,Hong Kong,Hong Kong,146.09,42.67,2498.73,150.43,1694.52
374,Hungary,Budapest,144.14,39.24,1405.33,141.72,3081.12
375,Hungary,Debrecen,75.36,20.39,20.39,53.82,1859.56
376,Hungary,Dunakeszi,244.40,51.50,7443.86,249.26,8250.00
377,Hungary,Gyor,75.21,24.33,24.33,69.77,1413.33
378,Hungary,Miskolc,113.55,26.50,29.51,185.86,4622.50
379,Hungary,Pecs,74.37,16.67,16.67,26.48,2350.00
380,Hungary,Szeged,46.20,17.78,17.78,12.25,428.89
381,Hungary,Szekesfehervar,94.41,22.40,22.40,66.08,3498.40
382,Iceland,Reykjavik,90.75,20.74,20.74,81.17,3187.11
383,India,Agra,295.49,67.50,26761.89,389.37,1995.00
384,India,Ahmedabad,148.43,39.12,1374.83,150.51,3595.54
385,India,Allahabad,338.34,65.00,22703.65,309.34,11040.00
386,India,Amritsar,109.59,33.29,346.82,122.88,2171.43
387,India,Asansol,47.05,19.33,19.33,5.15,443.33
388,India,Aurangabad,114.56,38.00,1104.63,109.40,1080.00
389,India,Bangalore,246.79,52.69,8382.95,278.18,7371.80
390,India,Belgaum,15.75,12.25,12.25,0.00,0.00
391,India,Bhilai,52.83,8.00,8.00,18.67,1420.00
392,India,Bhopal,122.96,31.83,217.51,173.68,3994.56
393,India,Bhubaneswar,90.47,29.08,74.69,111.57,1779.85
394,India,Chandigarh,136.95,31.00,161.39,140.81,6622.74
395,India,Chennai,202.30,47.38,4718.65,235.71,5022.15
396,India,Coimbatore,195.75,46.11,4030.80,215.27,5109.56
397,India,Dehradun,159.73,38.57,1237.51,139.38,5501.43
398,India,Delhi,284.33,57.37,12794.50,314.32,9237.85
399,India,Ernakulam,141.23,40.75,1837.74,180.21,1952.50
400,India,Faridabad,283.20,59.83,15604.35,322.12,6480.33
401,India,Ghaziabad,241.08,56.67,12053.32,125.25,4023.33
402,India,Guntur,150.89,45.00,3485.06,89.07,1400.00
403,India,Gurgaon,166.89,37.06,906.60,217.08,7222.35
404,India,Guwahati,94.50,30.00,109.43,175.55,1664.00
405,India,Gwalior,142.01,37.00,895.06,137.51,4014.67
406,India,Hubli,177.49,41.67,2137.37,141.91,6033.33
407,India,Hyderabad,177.32,42.17,2314.76,203.17,5297.26
408,India,Indore,141.12,35.65,655.98,135.87,4651.10
409,India,Jaipur,179.71,39.20,1395.15,242.11,7672.70
410,India,Jalandhar,214.08,44.29,3160.54,298.35,9274.29
411,India,Jammu,108.50,31.67,205.29,89.05,2816.67
412,India,Jamshedpur,96.84,24.25,24.25,81.74,3437.00
413,India,Kalyan,494.52,97.00,111977.18,460.48,1716.67
414,India,Kanpur,108.68,31.50,193.58,119.12,2741.25
415,India,Kochi,178.12,44.41,3215.15,219.59,3868.00
416,India,Kolhapur,125.98,33.33,351.79,133.30,3886.67
417,India,Kolkata,272.03,59.95,15745.15,291.75,4832.73
418,India,Kollam,169.44,41.14,1962.60,199.07,4884.29
419,India,Kota,143.35,41.00,1916.59,125.00,2245.50
420,India,Kozhikode (Calicut),209.32,49.50,6021.85,296.50,4225.33
421,India,Lucknow (Lakhnau),176.16,41.19,1977.13,225.78,5697.88
422,India,Ludhiana,92.74,21.09,21.09,69.77,3446.36
423,India,Madras,135.47,32.67,286.54,110.54,5680.00
424,India,Madurai,254.47,58.80,14381.55,271.76,3512.00
425,India,Mangalore,121.39,32.09,237.71,142.30,3837.33
426,India,Mumbai,256.23,54.66,10091.46,272.81,7158.06
427,India,Mysore,81.12,20.73,20.73,137.18,1946.93
428,India,Nagpur,91.00,28.79,66.18,173.34,1673.68
429,India,Nashik,63.41,23.80,23.80,46.27,780.00
430,India,Nasik,49.17,12.67,12.67,9.96,887.33
431,India,Navi Mumbai,188.33,43.90,2993.63,207.20,5674.00
432,India,Nellore,130.81,33.33,351.79,124.20,4566.67
433,India,Noida,220.58,44.96,3464.73,261.02,10122.35
434,India,Patna,92.25,28.00,47.81,77.07,2357.50
435,India,Pondicherry,64.99,18.33,18.33,34.28,1333.33
436,India,Pune,186.33,43.43,2798.89,199.43,5756.84
437,India,Raipur,124.84,31.83,217.51,99.95,4659.33
438,India,Rajkot,78.32,28.44,57.29,130.43,954.22
439,India,Ranchi,131.95,38.43,1203.37,190.22,2028.57
440,India,Salem,79.64,26.00,27.00,46.93,1730.00
441,India,Shillong,180.11,38.75,1281.05,207.30,8312.50
442,India,Solapur,72.35,19.00,19.00,59.00,1706.67
443,India,Surat,97.06,26.84,32.10,93.62,3011.58
444,India,Thane,187.03,43.64,2882.86,193.17,5746.36
445,India,Thiruvananthapuram,189.69,42.73,2521.07,232.77,6640.91
446,India,Thrissur,48.91,16.00,16.00,15.55,623.33
447,India,Tiruchirapalli (Trichy),221.60,48.33,5278.87,337.99,6761.67
448,India,Tiruppūr,95.32,29.80,100.89,86.44,2132.00
449,India,Tirupur (Tiruppur),95.32,29.80,100.89,86.44,2132.00
450,India,Udaipur,71.22,27.40,38.20,42.59,968.00
451,India,Vadodara,100.22,29.48,88.35,92.51,2675.13
452,India,Vijayawada,139.72,38.78,1287.91,239.98,2456.67
453,India,Visakhapatnam,148.05,36.95,884.82,230.38,4380.00
454,Indonesia,Bali,110.22,24.00,24.00,105.47,5047.78
455,Indonesia,Banda Aceh,85.19,17.00,17.00,40.98,3325.00
456,Indonesia,Bandung,198.00,43.13,2677.69,265.44,7540.00
457,Indonesia,Batam,92.76,17.80,17.80,48.64,4065.60
458,Indonesia,Bekasi,304.05,58.33,13849.90,308.49,12203.33
459,Indonesia,Bogor,226.79,45.00,3485.06,178.18,11970.00
460,Indonesia,Denpasar,112.34,23.89,23.89,112.53,5322.22
461,Indonesia,Jakarta,247.50,51.81,7681.78,281.09,8331.53
462,Indonesia,Makassar,176.66,43.33,2758.81,121.93,4866.67
463,Indonesia,Malang,112.98,30.50,133.42,82.79,3822.50
464,Indonesia,Medan,111.86,30.05,111.78,112.67,3675.26
465,Indonesia,Semarang,111.11,27.40,38.20,139.39,4320.00
466,Indonesia,Surabaya,159.61,35.67,658.64,189.01,7145.60
467,Indonesia,Tangerang,296.43,57.29,12702.19,332.74,11707.14
468,Indonesia,Yogyakarta,104.95,28.43,56.91,150.31,3217.14
469,Iran,Arak,68.33,15.00,15.00,22.95,1995.00
470,Iran,Isfahan (Esfahan),159.50,37.29,952.03,133.71,6367.86
471,Iran,Karaj,224.95,48.75,5537.10,211.05,7615.00
472,Iran,Mashhad,120.19,34.75,522.72,81.33,2868.75
473,Iran,Shiraz,137.66,29.17,77.56,134.69,7758.33
474,Iran,Tabriz,104.77,31.46,190.73,83.34,2537.00
475,Iran,Tehran,251.95,52.91,8561.70,266.21,8136.25
476,Iraq,Baghdad,278.08,55.46,10851.28,256.46,10492.15
477,Iraq,Erbil (Irbil),118.19,26.25,28.08,171.45,5408.67
478,Ireland,Cork,140.88,35.38,613.13,141.92,4737.18
479,Ireland,Drogheda,135.20,35.00,557.74,117.25,4323.33
480,Ireland,Dublin,159.11,40.34,1711.64,186.55,4063.29
481,Ireland,Ennis,121.27,25.00,25.00,94.47,6650.00
482,Ireland,Galway,109.79,26.09,27.36,110.31,4618.91
483,Ireland,Limerick,108.67,30.50,133.42,90.93,3259.00
484,Ireland,Tralee,141.39,30.00,109.43,134.45,7980.00
485,Ireland,Waterford,172.86,37.75,1049.54,189.32,7913.50
486,Ireland,Wexford,57.30,12.00,12.00,19.96,1396.50
487,Isle Of Man,Douglas,35.29,5.00,5.00,5.15,665.00
488,Israel,Ashdod,290.38,62.67,19288.97,228.44,5433.33
489,Israel,Haifa,115.12,29.70,96.66,101.82,4290.43
490,Israel,Herzliya,77.50,12.33,12.33,35.40,3103.33
491,Israel,Jerusalem,170.44,39.20,1395.15,218.09,6260.80
492,Israel,Netanya,110.21,31.43,188.71,99.66,3031.71
493,Israel,Petah Tikva,154.61,34.00,426.55,105.21,8046.50
494,Israel,Raanana,157.13,33.40,358.83,171.85,8405.60
495,Israel,Ramat Gan,99.32,21.83,21.83,62.74,4211.67
496,Israel,Rehovot,234.25,46.00,3973.94,333.52,11438.00
497,Israel,Rishon Leziyyon,185.27,45.17,3563.71,155.76,4613.67
498,Israel,Tel Aviv-Yafo,157.45,36.99,892.27,167.50,6029.57
499,Italy,Ancona,112.54,28.25,52.88,85.92,4589.50
500,Italy,Bari,72.08,16.50,16.50,39.24,2047.75
501,Italy,Bergamo,108.19,26.33,28.52,100.30,4422.67
502,Italy,Bologna,121.03,32.90,308.33,98.95,3674.93
503,Italy,Bolzano-Bozen,66.37,17.11,17.11,29.88,1572.44
504,Italy,Brescia,100.13,26.80,31.74,61.43,3583.40
505,Italy,Cagliari,112.61,30.40,128.32,159.33,3394.53
506,Italy,Catania,165.11,36.53,806.18,174.34,7565.88
507,Italy,Como,88.19,25.75,26.21,54.34,2494.50
508,Italy,Florence,107.61,28.06,48.95,91.92,3964.59
509,Italy,Forli,79.11,13.00,13.00,46.18,3103.33
510,Italy,Genoa,134.30,35.04,563.72,202.74,3755.33
511,Italy,Lecce,98.70,19.33,19.33,94.67,4256.00
512,Italy,Lucca,165.45,34.67,511.38,183.16,8955.33
513,Italy,Milan,129.26,35.98,710.21,130.66,3046.80
514,Italy,Modena,178.26,39.33,1430.17,271.98,7159.83
515,Italy,Monza,179.93,41.55,2096.07,142.15,6509.27
516,Italy,Naples,211.89,47.39,4722.25,225.75,6522.22
517,Italy,Padova,121.57,30.50,133.42,149.56,4528.33
518,Italy,Palermo,131.32,33.60,380.52,126.26,4485.33
519,Italy,Parma,83.80,22.20,22.20,86.23,2266.00
520,Italy,Pavia,147.16,36.67,831.47,157.93,4773.33
521,Italy,Perugia,118.68,25.00,25.00,97.94,6206.67
522,Italy,Pescara,134.94,34.33,467.68,119.18,4633.33
523,Italy,Piacenza,48.68,13.00,13.00,14.65,798.00
524,Italy,Pisa,68.86,15.62,15.62,32.60,1898.75
525,Italy,Pordenone,112.69,30.40,128.32,104.54,3689.60
526,Italy,Ragusa,253.06,49.33,5911.88,468.14,11066.67
527,Italy,Ravenna,112.34,25.50,25.65,158.23,4788.00
528,Italy,Rimini,50.51,15.67,15.67,15.96,723.33
529,Italy,Rome,175.13,41.57,2103.57,184.19,5494.43
530,Italy,Salerno,104.01,26.75,31.33,72.27,3990.00
531,Italy,Trento,100.78,30.64,140.65,206.51,1928.55
532,Italy,Treviso,171.01,38.12,1132.86,175.48,7392.50
533,Italy,Trieste,102.85,29.59,92.47,184.57,2505.88
534,Italy,Turin,107.73,28.14,50.58,103.82,3879.19
535,Italy,Udine,82.99,21.00,21.00,36.75,2636.40
536,Italy,Varese,127.61,31.88,220.65,87.53,5116.25
537,Italy,Venice,123.63,40.00,1613.79,110.16,1086.67
538,Italy,Verona,112.40,27.67,42.05,113.04,4571.67
539,Italy,Vicenza,124.60,26.14,27.58,110.27,6840.00
540,Ivory Coast,Abidjan,246.83,47.78,4946.68,255.49,12708.89
541,Jamaica,Kingston,234.47,52.56,8272.98,273.40,5538.89
542,Japan,Fukuoka,122.56,38.80,1293.42,125.20,1340.00
543,Japan,Kobe,160.12,48.00,5077.91,224.19,670.00
544,Japan,Kyoto,78.70,33.33,351.79,91.82,290.00
545,Japan,Nagoya,65.74,14.00,14.00,29.33,1813.33
546,Japan,Okinawa,95.75,18.33,18.33,68.75,4205.33
547,Japan,Osaka,72.58,27.33,37.34,80.59,909.56
548,Japan,Tokyo,131.73,41.45,2065.01,140.03,1089.30
549,Japan,Yokohama,227.82,59.67,15402.83,221.67,850.00
550,Jersey,Saint Helier,38.46,27.00,33.58,32.09,0.00
551,Jordan,Amman,195.81,42.08,2280.64,220.83,8301.59
552,Kazakhstan,Almaty,150.71,38.21,1152.16,175.56,4265.16
553,Kazakhstan,Astana (Nur-Sultan),120.45,32.65,285.22,88.49,3782.35
554,Kenya,Kisumu,51.46,20.00,20.00,19.36,510.00
555,Kenya,Nairobi,256.39,53.82,9344.87,285.54,7920.57
556,Kosovo (Disputed Territory),Pristina,79.23,22.54,22.54,38.00,2095.54
557,Kuwait,Abu Halifa,132.87,28.33,54.72,106.54,7536.67
558,Kuwait,Kuwait City,145.44,32.18,244.55,155.34,7252.21
559,Kuwait,Mahboula,187.60,38.33,1180.95,193.98,10196.67
560,Kuwait,Salmiya,139.56,30.00,109.43,184.18,7315.00
561,Kyrgyzstan,Bishkek,108.60,32.90,308.33,68.44,2486.40
562,Laos,Vientiane,99.50,21.50,21.50,75.81,4180.00
563,Latvia,Cesis,16.98,13.33,13.33,0.00,0.00
564,Latvia,Liepaja,56.44,19.00,19.00,25.62,785.00
565,Latvia,Riga,115.91,31.28,178.67,127.28,3597.86
566,Lebanon,Beirut,192.28,39.82,1563.06,221.48,9612.09
567,Lebanon,Tripoli,120.51,28.33,54.72,140.14,5320.00
568,Lesotho,Maseru,427.44,80.00,53881.73,148.03,10640.00
569,Libya,Benghazi,116.03,23.67,23.67,76.01,6206.67
570,Libya,Tripoli,120.27,28.20,51.81,98.80,5615.40
571,Lithuania,Alytus,71.25,13.33,13.33,28.47,2394.00
572,Lithuania,Kaunas,100.69,23.67,23.67,115.12,3773.11
573,Lithuania,Klaipeda,46.89,11.71,11.71,10.87,809.71
574,Lithuania,Siauliai,58.95,16.50,16.50,20.33,1147.50
575,Lithuania,Vilnius,93.61,27.53,39.98,70.41,2639.00
576,Luxembourg,Luxembourg,122.25,32.36,259.87,124.15,3922.18
577,Macao,Macao,60.80,16.56,16.56,27.63,1219.33
578,Malawi,Lilongwe,86.05,20.34,20.34,37.31,3035.06
579,Malaysia,"Cyberjaya, Selangor",105.04,21.00,21.00,69.94,5054.00
580,Malaysia,George Town,111.92,25.00,25.00,80.67,5320.00
581,Malaysia,Johor Bahru,178.37,36.44,789.52,249.79,9609.25
582,Malaysia,"Kajang, Selangor",129.51,31.67,205.29,139.10,5143.33
583,Malaysia,Kota Kinabalu,213.42,42.20,2325.25,299.31,11172.00
584,Malaysia,Kuala Lumpur,195.16,41.89,2216.34,207.97,8420.23
585,Malaysia,Kuala Terengganu,97.34,21.67,21.67,72.97,3903.33
586,Malaysia,Kuching,126.28,26.91,32.71,100.48,6993.64
587,Malaysia,Penang,138.51,31.47,191.68,126.46,6715.33
588,Malaysia,Petaling Jaya,187.80,39.73,1538.63,175.63,9137.33
589,Malaysia,Shah Alam,139.83,30.90,155.46,147.63,7109.00
590,Malaysia,Subang Jaya,155.55,39.50,1474.74,149.59,4280.00
591,Maldives,Maldives,65.37,21.75,21.75,58.52,980.00
592,Maldives,Male,65.37,21.75,21.75,58.52,980.00
593,Malta,Birkirkara,65.69,14.00,14.00,22.89,1863.33
594,Malta,Marsascala,135.91,34.00,426.55,136.70,4839.00
595,Malta,Mosta,116.00,32.00,230.25,86.21,3545.00
596,Malta,Sliema,84.97,27.50,39.57,78.69,1790.33
597,Malta,St. Julians (San Ġiljan),231.43,53.33,8919.88,208.46,4790.00
598,Malta,Valletta,106.46,30.75,146.89,76.12,3010.00
599,Mexico,Aguascalientes,93.55,22.33,22.33,56.13,3480.67
600,Mexico,Ajijic,91.65,18.33,18.33,61.20,3746.67
601,Mexico,Cancun,112.51,27.45,38.94,110.28,4667.45
602,Mexico,Chihuahua,94.63,18.20,18.20,53.87,4202.80
603,Mexico,Ciudad Juarez,117.75,26.00,27.00,90.86,5932.00
604,Mexico,Cuernavaca,134.17,28.33,54.72,160.10,7359.33
605,Mexico,Culiacan,132.90,32.75,294.19,101.59,5317.50
606,Mexico,Ensenada,152.47,37.00,895.06,81.95,5852.00
607,Mexico,Guadalajara,185.27,40.81,1855.98,204.54,7582.22
608,Mexico,Hermosillo,117.43,33.67,387.95,108.34,2879.67
609,Mexico,La Paz,93.74,21.67,21.67,53.39,3613.33
610,Mexico,Leon,155.36,37.67,1031.58,118.95,5576.00
611,Mexico,Mazatlan,69.26,10.00,10.00,20.48,2660.00
612,Mexico,Merida,143.52,35.33,606.80,147.84,5096.50
613,Mexico,Mexicali,162.60,34.12,441.68,296.02,8146.25
614,Mexico,Mexico City,257.19,52.15,7945.66,348.82,9452.31
615,Mexico,Monterrey,134.91,31.68,206.05,129.38,6007.23
616,Mexico,Morelia,114.37,28.75,65.09,84.61,4672.50
617,Mexico,Pachuca,122.85,32.60,280.51,137.14,3818.00
618,Mexico,Playa del Carmen,106.91,28.33,54.72,64.21,3990.00
619,Mexico,Puebla,108.18,27.20,35.73,80.11,4363.00
620,Mexico,Puerto Vallarta,86.66,22.70,22.70,54.70,2683.60
621,Mexico,Queretaro,143.53,32.95,313.58,127.71,6653.45
622,Mexico,Saltillo,185.84,39.40,1447.90,321.90,8180.40
623,Mexico,San Luis Potosi,140.15,29.78,99.98,133.23,7891.33
624,Mexico,San Miguel de Allende,114.16,36.25,756.24,92.85,1662.50
625,Mexico,San Pedro Garza Garcia,111.20,24.61,24.61,110.42,5058.43
626,Mexico,Tampico,99.46,21.75,21.75,62.59,4243.00
627,Mexico,Tijuana,176.51,37.86,1072.92,176.41,8576.76
628,Mexico,Torreon,82.15,24.18,24.18,27.64,2284.05
629,Mexico,Tulum,89.58,17.33,17.33,40.21,3812.67
630,Mexico,"Xalapa, Veracruz",129.52,37.33,961.74,95.36,2643.33
631,Mexico,Zapopan,122.67,31.25,176.94,80.59,4780.00
632,Moldova,Chisinau,101.44,27.41,38.29,78.46,3479.56
633,Monaco,Monaco,73.84,18.33,18.33,36.71,2040.00
634,Mongolia,Ulaanbaatar,111.98,30.86,152.98,91.07,3505.71
635,Montenegro,Podgorica,66.00,14.82,14.82,38.31,1692.73
636,Morocco,Agadir,92.37,31.00,161.39,93.29,1521.43
637,Morocco,Casablanca,201.03,47.87,5000.62,201.66,4657.83
638,Morocco,Meknes,8.45,6.00,6.00,0.00,0.00
639,Morocco,Rabat,140.17,34.73,519.61,135.23,5043.64
640,Morocco,Tangier,157.43,46.50,4233.89,155.62,1115.00
641,Morocco,Tetouan,67.97,20.00,20.00,49.37,1330.00
642,Mozambique,Maputo,116.42,25.00,25.00,136.32,5586.00
643,Myanmar,Yangon,233.46,55.00,10411.95,234.12,3735.71
644,Namibia,Windhoek,125.10,24.88,24.88,210.61,6517.00
645,Nepal,Kathmandu,107.56,36.65,827.48,108.94,1005.81
646,Netherlands,'s-Hertogenbosch,77.14,18.25,18.25,40.58,2327.50
647,Netherlands,Alkmaar,59.87,14.00,14.00,15.03,1463.00
648,Netherlands,Almere,136.73,34.64,507.30,146.02,4554.55
649,Netherlands,Amersfoort,74.73,21.50,21.50,207.00,1170.00
650,Netherlands,Amstelveen,68.12,20.50,20.50,23.44,1463.00
651,Netherlands,Amsterdam,88.31,27.23,36.02,157.75,1808.14
652,Netherlands,Arnhem,157.66,40.00,1613.79,147.43,4270.00
653,Netherlands,Best,36.34,15.12,15.12,12.50,190.38
654,Netherlands,Breda,125.51,38.75,1281.05,127.95,1572.50
655,Netherlands,Delft,84.73,29.58,92.28,87.15,1310.67
656,Netherlands,Eindhoven,81.48,23.65,23.65,75.27,1962.00
657,Netherlands,Enschede,14.65,11.29,11.29,0.00,0.00
658,Netherlands,Groningen,81.79,22.86,22.86,62.13,2140.95
659,Netherlands,Haarlem,114.49,45.00,3485.06,109.27,0.00
660,Netherlands,Hilversum,133.67,30.00,109.43,136.10,6650.00
661,Netherlands,Leeuwarden,29.30,20.00,20.00,23.32,0.00
662,Netherlands,Leiden,71.94,27.86,45.21,68.58,845.71
663,Netherlands,Maastricht,94.42,24.00,24.00,162.73,2784.00
664,Netherlands,Nijmegen,28.67,16.00,16.00,1.09,58.18
665,Netherlands,Rotterdam,101.19,24.17,24.17,148.15,3592.52
666,Netherlands,The Hague (Den Haag),86.23,23.23,23.23,149.72,2110.57
667,Netherlands,Tilburg,106.21,26.33,28.52,247.35,3458.00
668,Netherlands,Utrecht,104.96,31.21,174.27,169.02,2261.08
669,Netherlands,Zoetermeer,83.12,16.40,16.40,70.47,2946.00
670,New Zealand,Auckland,162.15,36.94,882.56,181.29,6730.14
671,New Zealand,Blenheim,88.21,19.50,19.50,60.82,3192.00
672,New Zealand,Christchurch,98.12,22.85,22.85,73.97,3829.73
673,New Zealand,Dunedin,104.17,21.50,21.50,215.66,4012.83
674,New Zealand,Hamilton,97.27,26.15,27.63,179.59,2752.31
675,New Zealand,Lower Hutt,80.12,21.29,21.29,84.84,2025.71
676,New Zealand,Nelson,49.08,18.50,18.50,8.17,548.67
677,New Zealand,New Plymouth,85.15,15.67,15.67,67.97,3280.67
678,New Zealand,Queenstown,87.68,15.00,15.00,49.85,3812.67
679,New Zealand,Rotorua,111.03,21.67,21.67,77.27,5763.33
680,New Zealand,Tauranga,111.98,24.67,24.67,100.40,5231.33
681,New Zealand,Wellington,96.67,27.74,43.26,76.73,2872.19
682,New Zealand,Whanganui,67.26,9.33,9.33,25.42,2482.67
683,New Zealand,Whangarei,111.97,21.86,21.86,84.44,5814.00
684,Nicaragua,Managua,252.17,53.83,9352.18,194.38,7688.33
685,Nigeria,Abuja,100.93,23.67,23.67,72.83,4078.67
686,Nigeria,Lagos,348.69,68.22,28003.22,476.62,8334.92
687,North Macedonia,Bitola,53.49,17.38,17.38,18.41,764.75
688,North Macedonia,Ohrid,36.49,10.00,10.00,5.15,443.33
689,North Macedonia,Skopje,98.99,28.11,49.98,112.80,2828.93
690,Norway,Alesund,82.19,17.67,17.67,38.75,2926.00
691,Norway,Arendal,128.46,32.60,280.51,96.42,4802.00
692,Norway,Bergen,85.83,23.77,23.77,69.92,2383.27
693,Norway,Drammen,78.08,16.00,16.00,42.26,2660.00
694,Norway,Kristiansand,154.76,41.25,1997.57,207.12,2962.50
695,Norway,Kristiansund,200.91,41.33,2025.05,416.68,8866.67
696,Norway,Oslo,109.01,31.23,175.36,136.47,2794.25
697,Norway,Stavanger,87.02,24.22,24.22,99.11,2296.22
698,Norway,Tromso,82.37,32.50,271.65,91.76,566.67
699,Norway,Trondheim,74.43,23.32,23.32,76.46,1408.72
700,Oman,Muscat,113.87,20.69,20.69,215.14,5471.25
701,Oman,Salalah,92.82,21.67,21.67,48.27,3546.67
702,Pakistan,Faisalabad,126.22,36.75,847.08,126.42,2412.50
703,Pakistan,Gujranwala,70.77,10.00,10.00,36.34,2660.00
704,Pakistan,Hyderabad,142.11,42.50,2435.42,279.41,1125.00
705,Pakistan,Islamabad,156.48,34.93,547.07,207.32,7017.60
706,Pakistan,Karachi,191.21,42.69,2506.63,227.44,6951.83
707,Pakistan,Lahore,146.42,35.20,587.05,169.08,5474.08
708,Pakistan,Peshawar,121.91,25.60,25.85,93.68,6650.00
709,Pakistan,Quetta,88.62,16.67,16.67,60.24,3613.33
710,Pakistan,Rawalpindi,199.77,46.05,3997.14,196.20,5851.09
711,Panama,David,307.19,66.50,25087.85,218.28,4560.00
712,Panama,Panama City,145.99,32.76,294.66,156.43,6982.73
713,Paraguay,Asuncion,226.07,47.57,4826.77,279.84,8518.14
714,Peru,Lima,229.93,50.89,6987.46,269.79,6245.66
715,Philippines,Angeles,64.49,29.33,83.17,94.21,266.67
716,Philippines,Bacolod,85.77,32.00,230.25,97.39,825.00
717,Philippines,Baguio,84.10,20.00,20.00,35.38,2881.67
718,Philippines,Cebu,160.56,35.82,684.02,233.13,6941.29
719,Philippines,Davao,107.19,27.21,35.85,91.00,4154.11
720,Philippines,Dumaguete,77.12,18.71,18.71,35.70,2314.29
721,Philippines,Iloilo,122.56,41.67,2137.37,72.56,683.33
722,Philippines,Makati,120.07,31.09,166.92,126.23,4202.00
723,Philippines,Manila,253.30,53.64,9185.96,278.63,7589.54
724,Philippines,Pasig,111.03,25.00,25.00,64.86,5325.00
725,Philippines,Quezon City,299.88,60.10,15930.22,271.02,9429.20
726,Philippines,Valenzuela,220.01,51.25,7255.58,244.39,4617.50
727,Poland,Bialystok,84.83,26.60,30.19,59.79,2025.20
728,Poland,Bydgoszcz,89.59,29.67,95.52,57.66,1810.89
729,Poland,Czeladz,159.48,33.67,387.95,142.87,8866.67
730,Poland,Gdansk,116.38,30.28,122.33,113.01,4148.07
731,Poland,Gdynia,86.79,29.05,73.93,66.02,1681.89
732,Poland,Gliwice,95.69,20.36,20.36,81.83,3814.91
733,Poland,Katowice,123.61,30.41,128.77,137.38,4918.18
734,Poland,Koszalin,86.64,28.00,47.81,53.33,1973.33
735,Poland,Krakow (Cracow),106.18,30.94,157.78,84.54,2860.81
736,Poland,Lodz,145.41,34.86,538.23,175.48,5491.45
737,Poland,Lublin,99.74,26.13,27.54,73.96,3571.20
738,Poland,Olsztyn,98.29,24.83,24.83,74.56,3580.67
739,Poland,Opole,95.04,26.50,29.51,111.50,2761.00
740,Poland,Plock,24.47,20.00,20.00,0.00,0.00
741,Poland,Poznan,104.28,31.21,174.51,68.20,2662.42
742,Poland,Rzeszow,122.38,31.83,217.51,120.40,4202.00
743,Poland,Szczecin,103.03,31.67,205.29,108.16,2175.33
744,Poland,Tarnow,60.02,12.00,12.00,21.20,1596.00
745,Poland,Tychy,137.58,30.75,146.89,124.27,6982.50
746,Poland,Wadowice,97.94,25.00,25.00,47.75,3725.00
747,Poland,Warsaw,125.15,35.26,596.09,109.96,3023.10
748,Poland,Wroclaw,126.57,34.46,483.42,144.46,3376.73
749,Portugal,Aveiro,55.18,17.12,17.12,18.34,878.00
750,Portugal,Braga,91.00,15.60,15.60,58.67,4069.80
751,Portugal,Cascais,75.15,12.00,12.00,31.34,2926.00
752,Portugal,Coimbra,78.80,18.47,18.47,39.66,2474.13
753,Portugal,Evora,44.15,25.67,26.00,27.29,66.67
754,Portugal,Faro,133.66,28.00,47.81,154.93,7448.00
755,Portugal,Funchal,85.92,19.00,19.00,36.77,3192.00
756,Portugal,Leiria,85.26,22.00,22.00,42.81,2706.29
757,Portugal,Lisbon,136.28,35.44,623.12,142.16,4089.97
758,Portugal,Oeiras,100.67,18.50,18.50,59.54,4921.00
759,Portugal,Ponta Delgada,61.73,17.33,17.33,14.17,1330.00
760,Portugal,Porto,114.05,29.03,73.35,124.12,4265.69
761,Portugal,Vila Real,52.52,15.67,15.67,12.69,860.67
762,Portugal,Viseu,83.78,15.20,15.20,52.59,3298.40
763,Puerto Rico,Aguadilla,140.27,30.00,109.43,109.74,7980.00
764,Puerto Rico,Ponce,113.08,24.75,24.75,74.26,5586.00
765,Puerto Rico,San Juan,178.20,37.46,988.23,189.61,9125.92
766,Qatar,Doha,138.88,29.79,100.52,152.73,7518.18
767,Romania,Arad,83.35,23.20,23.20,55.34,2294.13
768,Romania,Bacau,145.14,37.86,1072.92,146.80,3895.71
769,Romania,Baia Mare,41.82,19.47,19.47,21.41,177.33
770,Romania,Botosani,5.84,3.88,3.88,0.00,0.00
771,Romania,Brasov,76.46,20.00,20.00,40.18,2084.22
772,Romania,Bucharest,165.41,41.08,1941.60,150.87,4621.72
773,Romania,Cluj-Napoca,103.95,29.54,90.51,106.19,2980.36
774,Romania,Constanta,83.21,25.44,25.55,97.35,1836.00
775,Romania,Craiova,81.37,21.57,21.57,54.87,2280.00
776,Romania,Deva,53.50,20.00,20.00,5.75,709.33
777,Romania,Galati,70.11,17.50,17.50,14.17,1995.00
778,Romania,Iasi,133.65,34.26,458.52,217.14,3998.87
779,Romania,Oradea,73.66,21.29,21.29,28.37,1800.57
780,Romania,Piatra Neamt,30.03,6.67,6.67,3.80,354.67
781,Romania,Pitesti,78.36,16.67,16.67,36.44,2660.00
782,Romania,Ploiesti,100.12,29.55,90.85,61.34,2831.82
783,Romania,Sibiu,100.45,26.14,27.58,133.51,3306.29
784,Romania,Targu Mures,92.11,22.88,22.88,63.26,3192.50
785,Romania,Timisoara,80.72,23.52,23.52,100.97,1789.72
786,Russia,Arkhangelsk,57.80,15.40,15.40,26.31,1112.00
787,Russia,Barnaul,168.38,42.33,2373.81,118.74,4413.00
788,Russia,Belgorod,161.15,39.20,1395.15,100.69,5560.00
789,Russia,Bryansk,151.01,39.00,1343.67,158.75,3938.00
790,Russia,Cheboksary,162.22,42.50,2435.42,133.40,3460.00
791,Russia,Chelyabinsk,112.96,29.81,101.41,84.89,4078.12
792,Russia,Irkutsk,93.97,29.00,72.31,104.89,2136.67
793,Russia,Ivanovo,79.88,18.33,18.33,32.39,2660.00
794,Russia,Izhevsk,83.47,29.43,86.54,45.71,1442.29
795,Russia,Kaliningrad,111.55,33.39,357.65,88.92,2482.22
796,Russia,Kazan,157.01,38.18,1144.62,139.26,5358.82
797,Russia,Kemerovo,111.20,21.75,21.75,76.13,5785.50
798,Russia,Khabarovsk,96.79,28.00,47.81,66.42,2886.80
799,Russia,Kirov,107.18,34.50,489.20,80.39,1730.00
800,Russia,Krasnodar,228.68,53.67,9206.63,223.87,4108.33
801,Russia,Krasnoyarsk,178.33,43.59,2862.93,142.16,4804.47
802,Russia,Moscow,215.55,50.58,6762.48,222.75,4599.17
803,Russia,Murmansk,117.66,40.00,1613.79,84.70,800.00
804,Russia,Nizhny Novgorod,98.83,27.59,40.89,113.25,2937.80
805,Russia,Novorossiysk,78.52,21.25,21.25,33.81,2195.00
806,Russia,Novosibirsk,163.99,40.00,1613.79,171.64,5001.02
807,Russia,Omsk,219.17,50.20,6497.85,263.73,5202.00
808,Russia,Orenburg,98.33,34.67,511.38,81.18,1026.67
809,Russia,Oryol (Orel),99.58,38.50,1220.36,37.77,400.00
810,Russia,Perm,180.99,44.09,3075.52,129.29,4910.00
811,Russia,Rostov-na-donu,150.31,38.62,1250.47,144.08,4137.00
812,Russia,Ryazan,93.58,29.00,72.31,44.66,2440.00
813,Russia,Saint Petersburg,205.13,48.20,5195.37,190.79,5047.63
814,Russia,Samara,174.14,43.37,2773.00,193.54,4121.16
815,Russia,Saratov,140.38,40.27,1693.07,138.89,2225.45
816,Russia,Sevastopol,69.31,17.71,17.71,34.99,1720.00
817,Russia,Simferopol,83.83,30.40,128.32,56.03,1198.40
818,Russia,Sochi,178.07,40.75,1837.74,139.32,6830.00
819,Russia,Stavropol,119.81,26.50,29.51,63.66,6384.00
820,Russia,Taganrog,88.77,20.00,20.00,43.43,3330.67
821,Russia,Tolyatti (Togliatti),108.42,27.00,33.58,73.46,4496.00
822,Russia,Tomsk,88.72,25.71,26.11,62.62,2498.14
823,Russia,Tula,139.17,35.25,594.28,109.32,4772.50
824,Russia,Tyumen,120.61,33.17,334.60,91.92,3547.33
825,Russia,Vladivostok,183.76,41.88,2209.55,150.45,6825.00
826,Russia,Volgograd,105.23,30.94,157.67,73.85,2824.38
827,Russia,Vologda,76.09,23.33,23.33,33.86,1773.33
828,Russia,Voronezh,120.34,32.65,284.76,78.50,3838.24
829,Russia,Yaroslavl,146.96,36.83,862.89,104.10,4977.00
830,Russia,Yekaterinburg,140.99,37.86,1073.65,146.19,3395.86
831,Russia,Yoshkar-Ola,82.45,21.75,21.75,36.80,2497.50
832,Saint Lucia,Castries,9.65,7.00,7.00,0.00,0.00
833,Saudi Arabia,Ad Dammam,132.23,27.95,46.83,189.70,7000.00
834,Saudi Arabia,Al Khobar,121.30,23.80,23.80,179.38,6277.60
835,Saudi Arabia,Al-khubar,112.45,31.67,205.29,115.44,3103.33
836,Saudi Arabia,Jeddah (Jiddah),142.39,30.46,131.44,191.19,7506.62
837,Saudi Arabia,Jubail,103.63,20.22,20.22,64.52,5024.44
838,Saudi Arabia,Mecca,97.65,20.00,20.00,59.36,4286.57
839,Saudi Arabia,Riyadh,144.67,30.82,150.80,198.32,7653.98
840,Senegal,Dakar,85.82,25.00,25.00,62.55,2295.00
841,Serbia,Belgrade,136.98,36.19,745.98,136.40,3819.14
842,Serbia,Jagodina,79.90,25.00,25.00,30.05,1973.33
843,Serbia,Kragujevac,113.46,36.17,741.76,196.70,1298.33
844,Serbia,Leskovac,20.75,16.67,16.67,0.00,0.00
845,Serbia,Novi Sad,78.99,18.47,18.47,99.85,2137.39
846,Serbia,Sombor,86.60,22.50,22.50,60.60,2660.00
847,Serbia,Sremska Mitrovica,140.91,31.67,205.29,178.73,6650.00
848,Serbia,Subotica,39.13,10.00,10.00,8.44,532.00
849,Serbia,Zrenjanin,63.73,22.00,22.00,18.03,1075.33
850,Seychelles,Victoria,138.05,29.33,83.17,190.74,7359.33
851,Singapore,Singapore,148.75,41.42,2055.21,147.18,2485.92
852,Slovakia,Bratislava,104.90,31.01,162.19,135.42,2451.84
853,Slovakia,Kosice,77.55,21.06,21.06,44.24,2047.41
854,Slovakia,Poprad,81.58,18.75,18.75,37.85,2740.50
855,Slovakia,Presov,74.58,23.00,23.00,53.81,1556.50
856,Slovakia,Trnava,154.53,41.67,2137.37,142.11,2993.33
857,Slovakia,Zilina,62.51,13.83,13.83,19.86,1640.67
858,Slovenia,Celje,156.19,35.00,557.74,68.01,7980.00
859,Slovenia,Izola,56.33,22.00,22.00,31.53,577.33
860,Slovenia,Kranj,86.39,22.67,22.67,54.61,2660.00
861,Slovenia,Ljubljana,102.97,27.18,35.47,138.62,3371.78
862,Slovenia,Maribor,69.08,17.54,17.54,65.84,1540.00
863,Slovenia,Nova Gorica,113.45,25.67,26.00,301.53,4267.33
864,South Africa,Alberton,387.10,68.33,28209.61,311.18,17733.33
865,South Africa,Bellville,121.65,28.33,54.72,99.99,5763.33
866,South Africa,Benoni,258.82,50.00,6359.50,246.04,12856.67
867,South Africa,Bloemfontein,101.25,18.57,18.57,65.29,4940.00
868,South Africa,Cape Town,211.53,42.86,2572.65,251.89,10420.18
869,South Africa,Centurion (Verwoerdburg),233.99,45.38,3668.26,364.70,11867.69
870,South Africa,Durban,121.29,26.11,27.43,125.52,6200.89
871,South Africa,East London,92.57,24.25,24.25,56.14,3125.50
872,South Africa,George,89.81,15.33,15.33,54.70,3990.00
873,South Africa,Johannesburg,201.29,40.75,1837.17,247.85,10390.20
874,South Africa,Knysna,95.89,16.60,16.60,76.82,4415.60
875,South Africa,Mossel Bay,121.00,25.00,25.00,89.33,6650.00
876,South Africa,Pietermaritzburg,134.00,28.40,56.24,125.14,7554.40
877,South Africa,Port Elizabeth,137.69,31.31,180.68,162.51,6430.27
878,South Africa,Potchefstroom,71.50,12.33,12.33,24.46,2571.33
879,South Africa,Pretoria,230.51,45.51,3728.69,314.20,11280.18
880,South Africa,Randburg,175.87,36.20,747.53,242.19,9363.20
881,South Africa,Rustenburg,224.41,44.17,3108.41,369.13,11083.33
882,South Africa,Sandton,173.46,36.25,756.24,152.92,9476.25
883,South Africa,Secunda,96.42,17.33,17.33,49.35,4610.67
884,South Africa,Stellenbosch,70.27,17.50,17.50,21.83,1928.50
885,South Korea,Busan,97.17,27.40,38.20,87.90,2938.80
886,South Korea,Daegu,80.29,24.33,24.33,34.43,2039.33
887,South Korea,Daejeon,138.09,36.83,862.89,143.41,3588.33
888,South Korea,Gyeonggi,33.31,23.33,23.33,26.44,0.00
889,South Korea,Incheon,69.69,16.25,16.25,32.18,1912.50
890,South Korea,Seoul,156.75,42.09,2285.18,161.52,2932.09
891,Spain,Albacete,99.62,28.33,54.72,67.00,3103.33
892,Spain,Alicante,96.05,23.60,23.60,56.64,3608.00
893,Spain,Almeria,97.18,35.33,606.80,135.75,653.33
894,Spain,Barcelona,98.29,29.90,104.90,109.73,2273.31
895,Spain,Bilbao,115.94,33.53,373.19,209.21,2364.00
896,Spain,Cartagena,79.71,17.71,17.71,38.56,2660.29
897,Spain,Cordoba,85.88,21.33,21.33,44.41,2837.33
898,Spain,Corunna,103.11,22.43,22.43,114.66,4256.00
899,Spain,Getafe,99.63,20.33,20.33,67.37,4433.33
900,Spain,Gijon,74.16,26.33,28.52,52.57,1241.33
901,Spain,Granada,73.06,23.30,23.30,62.43,1371.00
902,Spain,Las Palmas de Gran Canaria,95.30,28.86,68.09,253.86,1786.00
903,Spain,Logroño (Logrono),67.01,15.00,15.00,36.34,1773.33
904,Spain,Madrid,139.51,35.41,618.39,142.96,4526.69
905,Spain,Malaga,88.47,23.50,23.50,63.49,2720.00
906,Spain,Marbella,103.20,19.00,19.00,76.55,5054.00
907,Spain,Murcia,238.41,46.60,4287.14,405.17,11278.40
908,Spain,Oviedo,85.15,22.33,22.33,61.15,2527.33
909,Spain,Palma de Mallorca,138.78,32.91,309.20,157.16,5738.36
910,Spain,Pamplona,56.03,14.00,14.00,16.62,1170.40
911,Spain,Salamanca,35.14,25.00,25.00,26.44,0.00
912,Spain,Santa Cruz de Tenerife,81.23,26.60,30.19,62.86,1698.00
913,Spain,Santiago de Compostela,39.18,15.50,15.50,15.47,250.00
914,Spain,Seville (Sevilla),128.65,30.85,152.34,177.70,5203.23
915,Spain,Tarragona,56.14,12.50,12.50,13.20,1330.00
916,Spain,Valencia,104.20,29.35,83.92,106.00,3068.13
917,Spain,Valladolid,114.26,35.00,557.74,93.06,2116.00
918,Spain,Vigo,80.47,20.80,20.80,30.22,2461.20
919,Spain,Vitoria-Gasteiz,43.58,12.00,12.00,8.10,638.40
920,Spain,Zaragoza (Saragossa),59.13,14.43,14.43,28.53,1264.86
921,Sri Lanka,Colombo,305.13,61.76,18056.68,417.53,7842.17
922,Sri Lanka,Kadawatha,211.37,45.00,3485.06,184.41,8790.00
923,Sri Lanka,Kandy,197.33,46.29,4121.20,180.27,5390.00
924,Sudan,Khartoum,164.72,42.00,2253.60,295.94,3369.36
925,Suriname,Paramaribo,120.78,28.71,64.12,123.63,5320.86
926,Sweden,Gothenburg,97.56,25.76,26.22,115.67,3127.69
927,Sweden,Helsingborg,57.96,20.83,20.83,13.60,833.67
928,Sweden,Jonkoping,98.20,33.00,318.01,41.34,1676.00
929,Sweden,Linkoping,82.13,20.00,20.00,58.55,2500.40
930,Sweden,Lund,73.75,26.00,27.00,40.45,1310.00
931,Sweden,Malmo,85.24,25.93,26.76,110.57,1902.27
932,Sweden,Orebro,81.19,16.50,16.50,94.12,2593.50
933,Sweden,Solna,60.28,29.00,72.31,47.04,253.33
934,Sweden,Stockholm,114.61,35.00,557.74,116.49,2043.13
935,Sweden,Sundsvall,53.88,13.00,13.00,11.02,1152.67
936,Sweden,Umea,56.11,24.25,24.25,14.89,532.50
937,Sweden,Uppsala,59.58,17.08,17.08,27.91,1095.08
938,Sweden,Vasteras,219.88,55.75,11131.73,406.25,1480.00
939,Sweden,Vaxjo,62.29,22.00,22.00,19.02,976.00
940,Switzerland,Baden,153.03,42.33,2373.81,179.93,2358.33
941,Switzerland,Basel,69.37,20.40,20.40,45.29,1423.40
942,Switzerland,Bern,79.91,21.79,21.79,86.82,1948.57
943,Switzerland,Fribourg,107.11,31.25,176.94,124.12,2644.00
944,Switzerland,Geneva,101.18,25.53,25.70,92.89,3715.15
945,Switzerland,Lausanne,81.40,25.78,26.29,69.29,1778.00
946,Switzerland,Lucerne,85.67,28.14,50.63,55.68,1844.57
947,Switzerland,Lugano,80.11,22.72,22.72,54.51,2046.67
948,Switzerland,St. Gallen,25.22,16.67,16.67,0.00,20.00
949,Switzerland,Winterthur,103.66,29.25,80.32,78.41,3202.50
950,Switzerland,Zurich,103.77,32.73,291.88,127.42,1820.82
951,Syria,Damascus,137.49,41.67,2137.37,141.73,1420.00
952,Taiwan,HsinChu,76.59,17.67,17.67,33.11,2397.33
953,Taiwan,Kaohsiung,110.72,25.08,25.08,225.59,4304.17
954,Taiwan,New Taipei City,188.31,45.44,3697.30,169.96,4764.44
955,Taiwan,Taichung,79.92,15.75,15.75,49.99,2822.50
956,Taiwan,Tainan,83.30,18.33,18.33,54.70,2840.00
957,Taiwan,Taipei,124.94,35.09,570.84,123.44,3008.39
958,Taiwan,Taoyuan,130.57,36.67,831.47,73.24,3193.33
959,Tanzania,Dar es Salaam,131.25,29.25,80.32,111.78,6800.00
960,Thailand,Bangkok,215.43,45.91,3930.55,266.26,8190.79
961,Thailand,Chiang Mai,112.81,25.12,25.12,95.16,5317.44
962,Thailand,Chiang Rai,49.22,12.33,12.33,10.65,906.67
963,Thailand,Hua Hin,80.24,19.25,19.25,36.42,2557.50
964,Thailand,Khon Kaen,56.80,10.00,10.00,13.20,1600.00
965,Thailand,Koh Samui,122.14,28.00,47.81,133.68,5725.00
966,Thailand,Nakhon Ratchasima,355.19,80.00,53881.73,245.80,750.00
967,Thailand,Pattaya,106.72,22.70,22.70,106.50,4752.40
968,Thailand,Phuket,151.15,34.33,467.68,160.88,6807.67
969,Timor-Leste,Dili,97.28,25.00,25.00,59.65,3546.67
970,Trinidad And Tobago,Chaguanas,151.97,33.33,351.79,142.05,7736.67
971,Trinidad And Tobago,Port of Spain,258.00,49.82,6235.36,318.33,12405.27
972,Tunisia,Al Marsa,129.81,29.50,89.15,86.87,6650.00
973,Tunisia,Aryanah (Ariana),113.22,27.50,39.57,77.57,4987.50
974,Tunisia,Sousse,96.87,26.25,28.08,63.05,3292.50
975,Tunisia,Tunis,140.87,37.12,918.24,118.83,3912.94
976,Turkey,Adana,111.11,27.89,45.77,78.74,4566.67
977,Turkey,Alanya,64.22,12.25,12.25,31.63,1835.50
978,Turkey,Ankara,148.28,36.35,773.11,149.83,5168.70
979,Turkey,Antalya,112.01,32.96,313.80,107.84,2596.63
980,Turkey,Balikesir,47.24,18.67,18.67,18.07,400.00
981,Turkey,Bursa,124.53,33.00,318.01,103.03,4037.74
982,Turkey,Denizli,254.84,56.75,12139.41,241.62,5237.50
983,Turkey,Eskisehir,86.13,28.39,55.98,74.61,1732.11
984,Turkey,Gaziantep,50.39,16.00,16.00,6.89,770.67
985,Turkey,Istanbul,242.76,51.83,7696.05,254.78,7611.19
986,Turkey,Izmir,164.47,40.30,1699.78,195.71,4755.67
987,Turkey,Kayseri,69.91,23.00,23.00,35.29,1308.33
988,Turkey,Kocaeli,132.09,39.33,1430.17,73.43,2150.00
989,Turkey,Konya,130.90,40.20,1671.69,82.27,1660.00
990,Turkey,Samsun,100.79,34.11,439.98,58.20,1450.00
991,Turkey,Tekirdag,66.00,13.33,13.33,23.52,1950.67
992,Turkmenistan,Ashgabat,73.57,15.80,15.80,29.35,2340.80
993,Uganda,Kampala,194.17,43.13,2678.84,235.25,7046.27
994,Ukraine,Cherkasy,74.36,24.73,24.73,43.64,1448.00
995,Ukraine,Chernihiv,39.09,21.67,21.67,1.48,133.33
996,Ukraine,Chernivtsi,53.12,14.91,14.91,79.28,647.27
997,Ukraine,Dnipro,124.48,33.00,318.01,100.57,4047.32
998,Ukraine,Donetsk,126.66,36.25,756.24,81.72,2902.50
999,Ukraine,Ivano-Frankivsk,109.62,40.40,1730.90,189.39,192.00
1000,Ukraine,Kharkiv,135.55,38.18,1145.51,113.08,2797.54
1001,Ukraine,Kherson,188.94,50.57,6759.83,276.98,1561.14
1002,Ukraine,Khmelnytskyi,43.93,17.50,17.50,12.54,350.00
1003,Ukraine,Kiev (Kyiv),177.16,43.05,2646.11,154.46,4933.84
1004,Ukraine,Kryvyy Rih,104.42,32.33,257.31,60.63,2329.33
1005,Ukraine,Lviv,109.92,32.06,234.90,100.67,2756.13
1006,Ukraine,Mariupol,101.02,30.00,109.43,65.97,2750.00
1007,Ukraine,Mykolaiv,110.63,35.30,601.77,98.45,1671.00
1008,Ukraine,Odessa (Odesa),147.25,36.56,811.95,131.83,4999.66
1009,Ukraine,Poltava,91.54,24.20,24.20,48.88,3072.80
1010,Ukraine,Rivne,63.76,31.67,205.29,13.11,200.00
1011,Ukraine,Ternopil,64.78,28.60,61.12,54.53,440.00
1012,Ukraine,Vinnytsia,89.72,24.00,24.00,54.21,2857.60
1013,Ukraine,Zaporizhzhya,106.79,35.40,616.94,58.33,1514.00
1014,Ukraine,Zhytomyr,88.70,26.67,30.68,50.34,2440.00
1015,United Arab Emirates,Abu Dhabi,121.20,26.35,28.59,162.45,5891.67
1016,United Arab Emirates,Ajman,245.69,47.00,4504.42,491.19,11970.00
1017,United Arab Emirates,Al Ain,88.85,15.33,15.33,51.04,3901.33
1018,United Arab Emirates,Al Fujayrah,146.64,30.00,109.43,312.46,7832.22
1019,United Arab Emirates,Dubai,175.88,37.51,999.11,257.38,8229.62
1020,United Arab Emirates,Ras al-Khaimah,123.17,25.00,25.00,187.27,6317.50
1021,United Arab Emirates,Sharjah,283.43,54.74,10171.30,324.05,12062.58
1022,United Kingdom,Aberdeen,110.40,31.47,191.30,76.67,3175.07
1023,United Kingdom,Barnsley,166.39,44.00,3036.35,357.64,2340.67
1024,United Kingdom,Bath,110.55,23.50,23.50,85.58,5322.33
1025,United Kingdom,Bedford,173.26,37.50,996.26,169.61,8312.50
1026,United Kingdom,Belfast,162.71,39.15,1381.68,175.35,5350.59
1027,United Kingdom,Birmingham,128.30,32.87,305.05,128.82,4438.17
1028,United Kingdom,Blackpool,108.87,28.00,47.81,78.84,4234.67
1029,United Kingdom,Bournemouth,165.30,35.88,692.48,174.70,8080.00
1030,United Kingdom,Bradford,216.98,44.40,3211.11,252.92,10002.00
1031,United Kingdom,Brighton,152.94,33.79,401.45,237.45,7006.43
1032,United Kingdom,Bristol,113.80,29.29,81.81,95.67,4314.29
1033,United Kingdom,Cambridge,137.01,34.27,459.57,155.82,4735.77
1034,United Kingdom,Cardiff,98.40,27.12,34.80,108.31,3022.12
1035,United Kingdom,Cheltenham,82.77,17.75,17.75,37.21,2992.50
1036,United Kingdom,Chester,140.06,30.00,109.43,105.48,7980.00
1037,United Kingdom,Colchester,96.78,27.20,35.73,131.67,2717.20
1038,United Kingdom,Coventry,104.76,29.08,74.89,104.11,3228.50
1039,United Kingdom,Crawley,150.00,34.00,426.55,96.35,7315.00
1040,United Kingdom,Crewe,153.40,32.50,271.65,130.82,8645.00
1041,United Kingdom,Derby,124.22,33.27,344.84,104.45,3864.13
1042,United Kingdom,Dundee,69.41,20.83,20.83,47.99,1375.00
1043,United Kingdom,Edinburgh,103.21,28.86,68.09,96.84,3165.48
1044,United Kingdom,Exeter,121.97,29.30,82.02,113.96,5320.00
1045,United Kingdom,Glasgow,131.28,32.75,294.19,164.14,4701.00
1046,United Kingdom,Guildford,108.67,30.29,122.67,139.84,3078.57
1047,United Kingdom,Halifax,66.18,13.00,13.00,21.28,2022.00
1048,United Kingdom,Huddersfield,178.19,38.33,1180.95,277.64,7891.33
1049,United Kingdom,Inverness,103.42,19.50,19.50,78.85,4987.50
1050,United Kingdom,Ipswich,93.53,20.10,20.10,52.83,3804.00
1051,United Kingdom,Kingston upon Hull,113.57,28.92,70.00,103.74,4368.77
1052,United Kingdom,Kingston upon Thames,176.19,36.67,831.47,142.26,9753.33
1053,United Kingdom,Lancaster,62.90,14.00,14.00,16.41,1690.00
1054,United Kingdom,Leeds,122.74,29.86,103.54,136.77,5041.27
1055,United Kingdom,Leicester,137.30,31.45,190.47,154.84,6336.18
1056,United Kingdom,Liverpool,137.11,32.20,245.87,215.67,5557.96
1057,United Kingdom,London,157.86,44.41,3217.25,189.17,1846.35
1058,United Kingdom,Luton,67.86,14.50,14.50,23.87,1995.00
1059,United Kingdom,Maidstone,111.75,21.67,21.67,90.49,5763.33
1060,United Kingdom,Manchester,166.03,40.79,1851.34,178.03,4742.26
1061,United Kingdom,Milton Keynes,92.44,23.67,23.67,76.68,3041.56
1062,United Kingdom,Newcastle upon Tyne,147.50,36.85,866.07,173.99,4627.50
1063,United Kingdom,Newport,119.73,24.75,24.75,129.11,6184.50
1064,United Kingdom,Northampton,74.35,23.33,23.33,16.57,1773.33
1065,United Kingdom,Norwich,103.36,33.57,377.37,117.74,1561.43
1066,United Kingdom,Nottingham,103.01,28.15,50.77,112.02,3266.40
1067,United Kingdom,Oxford,142.35,35.04,563.26,174.08,4953.46
1068,United Kingdom,Peterborough,241.82,49.43,5974.56,540.56,8435.71
1069,United Kingdom,Plymouth,99.04,25.89,26.61,70.86,3548.67
1070,United Kingdom,Portsmouth,91.74,19.86,19.86,58.64,3572.00
1071,United Kingdom,Preston,124.01,26.43,29.07,98.87,6764.00
1072,United Kingdom,Reading,151.58,39.29,1417.60,132.32,3986.29
1073,United Kingdom,Sheffield,90.29,25.20,25.21,68.91,2680.27
1074,United Kingdom,Solihull,111.10,21.67,21.67,78.57,5763.33
1075,United Kingdom,Southampton,112.30,27.67,42.05,118.81,4522.00
1076,United Kingdom,Southend-on-Sea,225.78,47.50,4785.70,317.51,8333.33
1077,United Kingdom,St Albans,133.39,32.17,243.51,110.81,5638.33
1078,United Kingdom,Stockport,103.18,20.00,20.00,78.84,4876.67
1079,United Kingdom,Stoke-on-Trent,83.52,21.17,21.17,56.03,2527.00
1080,United Kingdom,Surrey,115.25,28.67,62.85,77.77,4876.67
1081,United Kingdom,Swansea,93.57,17.00,17.00,61.07,4177.50
1082,United Kingdom,Swindon,164.28,34.50,489.20,201.93,8733.67
1083,United Kingdom,Warrington,141.74,30.14,115.90,132.27,7980.00
1084,United Kingdom,Winchester,240.89,46.67,4322.88,363.38,11970.00
1085,United Kingdom,York,139.07,32.91,309.20,141.09,5882.55
1086,United States,"Aberdeen, SD",0.00,0.00,0.00,0.00,0.00
1087,United States,"Abilene, TX",85.28,14.17,14.17,35.53,3768.33
1088,United States,"Akron, OH",129.38,28.08,49.43,158.38,6672.17
1089,United States,"Alameda, CA",239.50,46.67,4322.88,245.42,12413.33
1090,United States,"Albany, NY",120.12,24.13,24.13,131.06,6339.67
1091,United States,"Albuquerque, NM",117.26,25.29,25.32,114.25,5814.00
1092,United States,"Alexandria, VA",176.94,38.19,1147.15,202.64,8216.38
1093,United States,"Allentown, PA",89.65,15.33,15.33,52.39,3990.00
1094,United States,"Alpharetta, GA",287.89,53.86,9373.09,318.51,14250.00
1095,United States,"Ames, IA",86.81,14.75,14.75,44.20,3790.50
1096,United States,"Anaheim, CA",215.24,41.89,2214.42,429.93,11142.44
1097,United States,"Anchorage, AK",127.46,26.52,29.62,306.84,6081.31
1098,United States,"Ann Arbor, MI",115.89,25.32,25.36,116.17,5588.95
1099,United States,"Annapolis, MD",142.19,30.75,146.89,164.63,7481.25
1100,United States,"Appleton, WI",127.86,26.67,30.68,130.80,7093.33
1101,United States,"Arlington, TX",154.76,34.25,457.16,198.72,7230.50
1102,United States,"Arlington, VA",177.86,41.89,2214.42,141.23,5934.00
1103,United States,"Ashburn, VA",194.67,46.33,4146.07,301.52,4433.33
1104,United States,"Asheville, NC",134.91,27.62,41.32,233.92,7321.33
1105,United States,"Athens, GA",184.39,38.33,1180.95,307.26,8866.67
1106,United States,"Atlanta, GA",201.11,41.69,2144.65,235.12,9561.49
1107,United States,"Augusta, GA",147.35,31.25,176.94,135.22,8312.50
1108,United States,"Aurora, CO",101.60,18.50,18.50,74.80,4921.00
1109,United States,"Aurora, IL",157.45,40.25,1686.37,276.21,3542.50
1110,United States,"Austin, TX",163.28,34.53,492.70,218.71,8420.71
1111,United States,"Bakersfield, CA",99.60,18.92,18.92,88.80,4477.67
1112,United States,"Baltimore, MD",124.45,31.15,170.68,128.48,4747.15
1113,United States,"Bangor, ME",111.68,22.00,22.00,82.39,5763.33
1114,United States,"Baton Rouge, LA",159.00,33.83,406.94,146.19,8630.22
1115,United States,"Beaverton, OR",143.81,31.33,182.36,140.20,7592.67
1116,United States,"Bellevue, WA",129.57,28.60,61.12,142.06,6599.60
1117,United States,"Bellingham, WA",86.85,18.93,18.93,44.88,3234.43
1118,United States,"Bend, OR",111.17,21.88,21.88,80.82,5719.00
1119,United States,"Bentonville, AR",114.85,22.83,22.83,91.94,6029.33
1120,United States,"Berkeley, CA",156.49,37.62,1020.63,126.58,5727.38
1121,United States,"Billings, MT",91.51,15.75,15.75,49.86,4189.50
1122,United States,"Biloxi, MS",116.15,23.00,23.00,102.79,6118.00
1123,United States,"Binghamton, NY",80.44,13.00,13.00,38.08,3325.00
1124,United States,"Birmingham, AL",115.42,25.15,25.16,162.20,5258.62
1125,United States,"Bismarck, ND",50.13,5.67,5.67,10.65,1507.33
1126,United States,"Bloomington, IL",97.58,17.33,17.33,103.41,4344.67
1127,United States,"Bloomington, IN",96.22,17.00,17.00,61.68,4522.00
1128,United States,"Boca Raton, FL",292.85,54.33,9797.54,372.93,14452.67
1129,United States,"Boise, ID",107.79,22.26,22.26,94.54,5054.00
1130,United States,"Boston, MA",210.43,44.98,3474.88,243.62,8262.15
1131,United States,"Boulder, CO",42.66,14.80,14.80,4.52,478.80
1132,United States,"Bowling Green, KY",93.07,16.00,16.00,61.38,4256.00
1133,United States,"Bozeman, MT",89.74,17.00,17.00,49.76,3790.50
1134,United States,"Bradenton, FL",133.55,28.00,47.81,152.07,7448.00
1135,United States,"Bremerton, WA",112.84,21.75,21.75,107.38,5785.50
1136,United States,"Brooklyn, NY",168.98,44.56,3282.77,165.77,2942.80
1137,United States,"Brownsville, TX",100.52,18.33,18.33,65.13,4876.67
1138,United States,"Buffalo, NY",114.75,24.11,24.11,115.42,5624.00
1139,United States,"Burlington, VT",121.24,25.00,25.00,128.51,6384.00
1140,United States,"Cambridge, MA",83.22,23.75,23.75,59.99,2194.75
1141,United States,"Canton, OH",129.49,34.43,479.90,255.55,3268.00
1142,United States,"Carlsbad, CA",128.06,26.75,31.33,129.15,7115.50
1143,United States,"Casper, WY",67.78,9.50,9.50,24.32,2527.00
1144,United States,"Cedar City, UT",84.07,13.33,13.33,56.73,3546.67
1145,United States,"Cedar Rapids, IA",85.51,15.40,15.40,76.64,3298.40
1146,United States,"Champaign, IL",39.17,12.33,12.33,5.15,443.33
1147,United States,"Chapel Hill, NC",182.97,37.50,996.26,196.95,9975.00
1148,United States,"Charleston, SC",146.19,31.36,184.12,138.10,8012.64
1149,United States,"Charlotte, NC",170.42,35.70,664.26,221.47,8848.00
1150,United States,"Chattanooga, TN",117.79,23.53,23.53,143.60,5993.87
1151,United States,"Chesapeake, VA",217.26,43.33,2758.81,196.99,11526.67
1152,United States,"Chicago, IL",190.33,41.94,2232.65,212.06,7494.83
1153,United States,"Chico, CA",109.59,21.00,21.00,85.98,5586.00
1154,United States,"Cincinnati, OH",120.87,25.07,25.07,104.69,6490.40
1155,United States,"Clarksville, TN",309.46,56.67,12053.32,409.21,15073.33
1156,United States,"Cleveland, OH",153.49,33.74,396.31,177.93,7483.41
1157,United States,"Coeur d'Alene, ID",111.59,21.33,21.33,106.16,5674.67
1158,United States,"College Station, TX",76.91,14.10,14.10,32.58,2846.20
1159,United States,"Colorado Springs, CO",123.19,26.17,27.69,191.20,6073.67
1160,United States,"Columbia, MD",112.68,22.00,22.00,90.07,5852.00
1161,United States,"Columbia, MO",88.82,15.50,15.50,45.45,3923.50
1162,United States,"Columbia, SC",127.78,26.37,28.71,151.32,7014.00
1163,United States,"Columbus, GA",84.92,14.71,14.71,47.91,3534.00
1164,United States,"Columbus, OH",120.02,25.53,25.70,109.09,6237.74
1165,United States,"Concord, CA",89.81,23.50,23.50,100.75,2644.00
1166,United States,"Corpus Christi, TX",99.09,18.00,18.00,61.28,4763.82
1167,United States,"Dallas, TX",168.58,35.46,626.40,202.16,8811.85
1168,United States,"Davenport, IA",93.55,16.00,16.00,69.08,4256.00
1169,United States,"Dayton, OH",90.90,15.67,15.67,54.93,4078.67
1170,United States,"Daytona Beach, FL",143.34,36.50,800.82,176.75,4257.50
1171,United States,"Decatur, IL",99.99,18.50,18.50,49.57,4921.00
1172,United States,"Deerfield Beach, FL",116.91,25.40,25.48,85.96,5958.40
1173,United States,"Delray Beach, FL",75.66,11.50,11.50,29.80,3059.00
1174,United States,"Denton, TX",117.73,24.33,24.33,172.09,5677.33
1175,United States,"Denver, CO",170.20,36.05,721.43,223.53,8526.99
1176,United States,"Des Moines, IA",105.95,20.52,20.52,87.66,5117.33
1177,United States,"Detroit, MI",223.41,44.44,3230.91,343.33,10732.50
1178,United States,"Dothan, AL",112.25,21.67,21.67,100.26,5763.33
1179,United States,"Duluth, MN",133.91,34.33,467.68,193.23,4102.00
1180,United States,"Durham, NC",110.38,22.27,22.27,102.67,5366.00
1181,United States,"Eau Claire, WI",72.46,10.67,10.67,27.66,2837.33
1182,United States,"Edison, NJ",210.91,54.33,9797.54,396.18,1420.67
1183,United States,"Edmond, OK",116.06,23.25,23.25,87.35,6184.50
1184,United States,"El Paso, TX",130.93,27.00,33.58,179.25,7182.00
1185,United States,"Erie, PA",106.97,20.00,20.00,91.36,5320.00
1186,United States,"Eugene, OR",104.65,22.85,22.85,122.97,4347.38
1187,United States,"Evansville, IN",120.75,24.60,24.60,106.12,6543.60
1188,United States,"Everett, WA",258.41,49.50,6021.85,307.22,12945.33
1189,United States,"Fairbanks, AK",84.28,13.67,13.67,43.90,3635.33
1190,United States,"Fairfax, VA",203.95,41.20,1981.20,243.60,10533.60
1191,United States,"Fairfield, CA",120.03,24.00,24.00,126.08,6384.00
1192,United States,"Fairfield, CT",119.64,24.00,24.00,117.45,6384.00
1193,United States,"Fargo, ND",124.89,25.25,25.27,229.07,6317.50
1194,United States,"Fayetteville, AR",89.65,17.00,17.00,49.33,3783.11
1195,United States,"Fayetteville, NC",132.53,27.83,44.80,143.14,7403.67
1196,United States,"Flagstaff, AZ",78.94,19.00,19.00,44.29,2394.00
1197,United States,"Flint, MI",77.41,16.67,16.67,25.86,2660.00
1198,United States,"Fort Collins, CO",111.04,21.31,21.31,145.45,5336.62
1199,United States,"Fort Lauderdale, FL",154.79,32.18,244.74,214.14,8524.09
1200,United States,"Fort Myers, FL",118.98,26.33,28.52,129.65,5763.33
1201,United States,"Fort Wayne, IN",120.21,27.56,40.37,110.75,5741.56
1202,United States,"Fort Worth, TX",119.84,25.19,25.20,124.39,6157.77
1203,United States,"Fredericksburg, VA",189.92,42.00,2253.60,246.61,7182.00
1204,United States,"Fremont, CA",145.20,31.89,221.70,146.83,7449.11
1205,United States,"Fresno, CA",111.73,22.40,22.40,115.72,5453.00
1206,United States,"Gainesville, FL",91.41,20.90,20.90,55.89,3418.40
1207,United States,"Germantown, MD",191.60,38.67,1260.61,256.51,10285.33
1208,United States,"Gilbert, AZ",175.31,36.25,756.24,178.66,9642.50
1209,United States,"Grand Junction, CO",113.22,22.50,22.50,74.14,5985.00
1210,United States,"Grand Rapids, MI",121.36,26.00,27.00,166.09,5971.16
1211,United States,"Green Bay, WI",127.03,25.12,25.13,229.12,6683.25
1212,United States,"Greensboro, NC",106.54,20.27,20.27,72.18,5368.36
1213,United States,"Greenville, NC",118.63,24.00,24.00,105.13,6317.50
1214,United States,"Greenville, SC",121.00,24.44,24.44,123.22,6483.75
1215,United States,"Harrisburg, PA",106.79,21.09,21.09,75.16,5247.45
1216,United States,Harrisonburg va,107.51,20.67,20.67,76.60,5408.67
1217,United States,"Hartford, CT",169.74,35.33,606.80,164.63,9398.67
1218,United States,"Hempstead, NY",268.91,51.00,7070.34,342.05,13300.00
1219,United States,"Henderson, NV",123.57,25.56,25.76,110.15,6797.78
1220,United States,"Hilo, HI",104.53,21.67,21.67,70.22,4876.67
1221,United States,"Hoboken, NJ",214.64,45.00,3485.06,185.04,9410.00
1222,United States,"Hollywood, FL",197.62,40.00,1613.79,204.55,10640.00
1223,United States,"Honolulu, HI",202.12,41.19,1978.10,218.08,10340.90
1224,United States,"Houston, TX",206.35,41.90,2218.68,248.80,10316.90
1225,United States,"Huntington Beach, CA",86.74,16.67,16.67,41.44,3546.67
1226,United States,"Huntington, WV",88.40,15.20,15.20,54.91,3830.40
1227,United States,"Huntsville, AL",117.63,23.25,23.25,161.67,5905.20
1228,United States,"Idaho Falls, ID",76.26,13.43,13.43,37.71,2812.00
1229,United States,"Indianapolis, IN",136.76,29.54,90.77,185.74,7066.48
1230,United States,"Irvine, CA",112.26,22.95,22.95,111.06,5474.00
1231,United States,"Irving, TX",86.11,18.67,18.67,43.93,3192.00
1232,United States,"Ithaca, NY",75.90,18.40,18.40,32.02,2261.60
1233,United States,"Jackson, MS",128.92,29.57,91.83,225.72,5586.00
1234,United States,"Jacksonville, FL",172.02,35.33,606.80,239.23,9329.00
1235,United States,"Jersey City, NJ",167.52,41.55,2096.07,149.27,4620.00
1236,United States,"Joplin, MO",128.19,26.67,30.68,138.38,7093.33
1237,United States,"Kalamazoo, MI",100.53,18.12,18.12,75.83,4821.25
1238,United States,"Kansas City, KS",116.72,23.33,23.33,95.58,6206.67
1239,United States,"Kansas City, MO",128.50,26.97,33.32,123.82,7161.00
1240,United States,"Katy, TX",138.54,29.25,80.32,146.96,7780.50
1241,United States,"Kenosha, WI",98.69,17.33,17.33,86.25,4610.67
1242,United States,"Kent, WA",115.26,25.25,25.27,96.00,5652.50
1243,United States,"Key West, FL",89.68,15.43,15.43,103.73,3616.00
1244,United States,"Kingsport, TN",158.42,32.80,298.85,222.77,8724.80
1245,United States,"Kissimmee, FL",134.27,28.50,58.63,121.93,7581.00
1246,United States,"Knoxville, TN",125.02,25.71,26.11,132.04,6840.00
1247,United States,"Kokomo, IN",66.96,15.67,15.67,35.88,1709.33
1248,United States,"Lafayette, IN",56.45,7.75,7.75,26.48,1662.50
1249,United States,"Lafayette, LA",82.46,13.33,13.33,35.06,3546.67
1250,United States,"Lake Charles, LA",86.36,14.33,14.33,42.21,3812.67
1251,United States,"Lakeland, FL",72.36,10.33,10.33,40.79,2748.67
1252,United States,"Lancaster, CA",198.00,40.00,1613.79,215.53,10640.00
1253,United States,"Lancaster, PA",129.79,27.50,39.57,208.78,6650.00
1254,United States,"Lansing, MI",93.75,16.00,16.00,72.43,4256.00
1255,United States,"Las Cruces, NM",133.51,26.20,27.84,356.15,6916.00
1256,United States,"Las Vegas, NV",127.99,27.41,38.37,145.93,6773.40
1257,United States,"Lawrence, KS",151.35,31.67,205.29,289.74,7802.67
1258,United States,"Lexington, KY",114.15,23.36,23.36,95.49,5803.64
1259,United States,"Lincoln, NE",73.83,12.22,12.22,35.64,2719.11
1260,United States,"Little Rock, AR",102.57,20.84,20.84,102.49,4494.00
1261,United States,"Livermore, CA",360.89,64.00,21197.04,433.44,17024.00
1262,United States,"Long Beach, CA",166.71,35.45,625.33,209.15,8424.55
1263,United States,"Long Island, NY",168.11,34.67,511.38,219.20,9221.33
1264,United States,"Los Angeles, CA",343.77,61.03,17102.81,786.70,15353.89
1265,United States,"Louisville, KY",109.86,22.00,22.00,93.06,5405.57
1266,United States,"Lubbock, TX",86.38,19.89,19.89,62.98,2926.00
1267,United States,"Macon, GA",116.54,22.50,22.50,142.44,5985.00
1268,United States,"Madison, WI",112.49,24.18,24.18,125.65,5210.86
1269,United States,"Manassas, VA",208.50,41.75,2166.06,219.88,11105.50
1270,United States,"Manchester, NH",122.14,27.17,35.35,171.79,5763.33
1271,United States,"Manhattan, KS",68.13,10.00,10.00,22.08,2527.00
1272,United States,"Mankato, MN",84.41,13.67,13.67,45.60,3635.33
1273,United States,"Marietta, GA",160.62,33.50,369.56,182.10,8911.00
1274,United States,"Martinsburg, WV",85.17,16.75,16.75,52.25,3260.50
1275,United States,"McKinney, TX",101.68,18.50,18.50,76.19,4921.00
1276,United States,"Medford, OR",97.55,17.67,17.67,50.77,4699.33
1277,United States,"Melbourne, FL",91.46,16.14,16.14,48.21,4142.00
1278,United States,"Memphis, TN",117.35,23.30,23.30,111.78,6186.96
1279,United States,"Mesa, AZ",173.28,35.71,666.28,203.94,9500.00
1280,United States,"Miami, FL",215.53,43.44,2803.09,237.23,10762.16
1281,United States,"Midland, MI",114.05,22.00,22.00,127.62,5785.50
1282,United States,"Midland, TX",126.42,25.00,25.00,221.21,6650.00
1283,United States,"Milwaukee, WI",131.01,29.00,72.31,156.80,6558.41
1284,United States,"Minneapolis, MN",164.64,36.12,733.56,209.10,7565.67
1285,United States,"Missoula, MT",86.27,14.78,14.78,49.33,3675.33
1286,United States,"Mobile, AL",137.79,29.11,75.77,147.45,7714.00
1287,United States,"Modesto, CA",117.04,23.14,23.14,112.96,6156.00
1288,United States,"Monterey, CA",128.24,26.50,29.51,206.15,6716.50
1289,United States,"Montgomery, AL",108.23,21.75,21.75,63.59,5453.00
1290,United States,"Moscow, ID",331.85,62.33,18829.65,555.82,11820.00
1291,United States,"Mountain View, CA",103.78,21.38,21.38,77.95,4754.75
1292,United States,"Naperville, IL",165.15,34.40,476.21,307.66,8352.40
1293,United States,"Naples, FL",113.51,22.25,22.25,105.40,5818.75
1294,United States,"Nashville, TN",186.78,38.98,1339.36,210.21,9351.80
1295,United States,"New Bern, NC",123.49,28.67,62.85,108.15,5852.00
1296,United States,"New Haven, CT",123.92,26.25,28.08,117.06,6650.00
1297,United States,"New Orleans, LA",123.45,27.81,44.39,170.90,5761.05
1298,United States,"New York, NY",170.80,43.89,2990.92,194.68,3395.25
1299,United States,"Newark, NJ",240.08,47.50,4785.70,291.61,11305.00
1300,United States,"Newport News, VA",117.26,24.75,24.75,103.51,5985.00
1301,United States,"Norfolk, VA",117.20,23.56,23.56,115.94,6088.44
1302,United States,"Norman, OK",101.01,17.94,17.94,102.51,4721.50
1303,United States,"Norwalk, CT",82.96,13.33,13.33,41.20,3546.67
1304,United States,"Oakland, CA",164.98,37.69,1036.51,226.80,6406.41
1305,United States,"Ocala, FL",89.60,15.00,15.00,57.13,3990.00
1306,United States,"Oceanside, CA",114.46,24.80,24.80,115.52,5466.40
1307,United States,"Odessa, TX",104.45,19.25,19.25,85.68,5120.50
1308,United States,"Ogden, UT",286.34,53.33,8919.88,454.82,13743.33
1309,United States,"Oklahoma City, OK",119.64,25.89,26.63,131.91,5945.14
1310,United States,"Olympia, WA",96.28,18.10,18.10,143.43,3837.20
1311,United States,"Omaha, NE",99.33,19.13,19.13,70.37,4548.21
1312,United States,"Ontario,CA",89.53,15.67,15.67,45.45,3990.00
1313,United States,"Orem, UT",48.31,19.33,19.33,8.98,466.00
1314,United States,"Orlando, FL",177.78,36.58,815.70,211.51,9622.40
1315,United States,"Overland Park, KS",95.74,16.78,16.78,65.05,4462.89
1316,United States,"Oxnard, CA",106.73,20.33,20.33,69.56,5408.67
1317,United States,"Palm Springs, CA",94.80,17.50,17.50,67.50,4211.67
1318,United States,"Palmdale, CA",244.64,49.00,5695.81,482.46,9644.00
1319,United States,"Palo Alto, CA",88.12,15.43,15.43,50.72,3800.00
1320,United States,"Panama City, FL",123.98,26.00,27.00,92.65,6916.00
1321,United States,"Pasadena, CA",217.74,43.00,2626.36,273.78,11438.00
1322,United States,"Pensacola, FL",131.12,27.54,40.12,136.05,7325.23
1323,United States,"Peoria, AZ",111.27,21.67,21.67,81.60,5763.33
1324,United States,"Peoria, IL",90.27,21.71,21.71,65.18,3116.00
1325,United States,"Philadelphia, PA",182.94,40.07,1635.08,269.28,7400.15
1326,United States,"Phoenix, AZ",151.15,32.64,284.37,167.55,7868.20
1327,United States,"Pittsburgh, PA",175.80,38.53,1227.01,207.75,7714.06
1328,United States,"Plano, TX",177.83,36.78,852.33,171.47,9753.33
1329,United States,"Pleasanton, CA",150.12,38.00,1104.63,145.17,4467.33
1330,United States,"Portland, ME",109.03,21.11,21.11,95.61,5408.67
1331,United States,"Portland, OR",146.40,32.78,296.80,159.89,7013.62
1332,United States,"Portsmouth, NH",21.68,17.50,17.50,0.00,0.00
1333,United States,"Princeton, NJ",114.06,30.33,125.00,261.99,3176.67
1334,United States,"Providence, RI",143.16,30.67,142.29,196.22,7492.33
1335,United States,"Pueblo, CO",118.14,22.33,22.33,196.19,5940.67
1336,United States,"Puyallup, WA",311.45,56.67,12053.32,493.66,15073.33
1337,United States,"Queens, NY",189.34,44.40,3211.11,150.67,5776.00
1338,United States,"Raleigh, NC",159.97,34.14,443.56,174.89,8380.25
1339,United States,"Rancho Cucamonga, CA",210.06,41.67,2137.37,285.21,11083.33
1340,United States,"Rapid City, SD",88.99,15.00,15.00,92.91,3657.50
1341,United States,"Redding, CA",136.40,27.40,38.20,304.33,7288.40
1342,United States,"Redmond, WA",123.73,31.14,170.14,84.42,4949.71
1343,United States,"Redwood City, CA",101.46,23.00,23.00,71.03,4256.00
1344,United States,"Reno, NV",122.04,24.78,24.78,131.32,6532.96
1345,United States,"Renton, WA",110.27,21.75,21.75,60.77,5785.50
1346,United States,"Reston, VA",162.18,34.00,426.55,154.42,9044.00
1347,United States,"Richland, WA",65.13,13.50,13.50,31.21,1795.50
1348,United States,"Richmond, KY",103.29,20.00,20.00,34.53,5320.00
1349,United States,"Richmond, VA",105.58,21.96,21.96,88.90,4830.56
1350,United States,"Ridgecrest, CA",76.61,12.00,12.00,29.55,3103.33
1351,United States,"Riverside, CA",297.31,56.47,11848.28,428.39,12386.67
1352,United States,"Roanoke, VA",70.72,10.17,10.17,28.70,2704.33
1353,United States,"Rochester, NY",109.68,21.85,21.85,118.03,5225.83
1354,United States,"Rockford, IL",92.09,15.67,15.67,62.65,4167.33
1355,United States,"Rockville, MD",144.94,33.00,318.01,160.03,6635.56
1356,United States,"Roseville, CA",158.68,33.00,318.01,200.33,8778.00
1357,United States,"Sacramento, CA",123.84,27.01,33.67,125.61,6371.59
1358,United States,"Saint George, UT",94.79,17.60,17.60,73.51,4149.60
1359,United States,"Saint Louis, MO",127.08,27.23,36.04,159.54,6596.82
1360,United States,"Saint Paul, MN",102.41,22.61,22.61,68.77,4455.89
1361,United States,"Saint Petersburg, FL",118.47,24.17,24.17,112.51,6206.67
1362,United States,"Salem, OR",93.59,17.20,17.20,82.30,3990.00
1363,United States,"Salt Lake City, UT",159.29,35.42,619.50,186.69,7279.44
1364,United States,"San Angelo, TX",71.62,10.50,10.50,25.27,2793.00
1365,United States,"San Antonio, TX",136.33,30.38,127.18,164.09,6702.75
1366,United States,"San Diego, CA",158.47,34.19,449.12,204.65,7882.53
1367,United States,"San Francisco, CA",259.96,51.64,7550.65,570.97,9512.45
1368,United States,"San Jose, CA",185.01,38.48,1215.71,211.21,9433.95
1369,United States,"San Luis Obispo, CA",101.49,20.62,20.62,86.88,4488.75
1370,United States,"San Marcos, TX",104.48,19.40,19.40,78.20,5160.40
1371,United States,"San Mateo, CA",174.96,39.00,1343.67,194.42,7286.50
1372,United States,"San Rafael, CA",96.98,18.75,18.75,66.54,4322.50
1373,United States,"Santa Barbara, CA",91.30,17.00,17.00,89.23,3688.00
1374,United States,"Santa Cruz, CA",151.77,32.47,269.08,246.27,7604.47
1375,United States,"Santa Fe, NM",122.40,24.27,24.27,165.07,6456.55
1376,United States,"Santa Monica, CA",250.17,48.33,5278.87,249.34,12856.67
1377,United States,"Santa Rosa, CA",167.31,34.17,446.80,277.96,9088.33
1378,United States,"Sarasota, FL",130.98,27.08,34.37,189.75,7100.15
1379,United States,"Savannah, GA",114.19,23.40,23.40,76.77,5958.40
1380,United States,"Scottsdale, AZ",118.44,23.70,23.70,116.86,6251.00
1381,United States,"Seattle, WA",193.52,42.14,2305.12,229.36,7782.36
1382,United States,"Sierra Vista, AZ",84.08,15.00,15.00,40.80,3460.00
1383,United States,"Silver Spring, MD",93.89,22.60,22.60,49.77,3538.00
1384,United States,"Sioux Falls, SD",103.70,19.40,19.40,64.93,5160.40
1385,United States,"Somerville, MA",72.74,20.67,20.67,29.33,1773.33
1386,United States,"Spokane, WA",114.26,23.73,23.73,105.34,5684.86
1387,United States,"Springfield, MA",86.55,14.40,14.40,41.74,3830.40
1388,United States,"Springfield, MO",150.06,34.40,476.21,198.92,6357.60
1389,United States,"Stamford, CT",138.15,30.00,109.43,118.21,7536.67
1390,United States,"State College, PA",84.89,17.20,17.20,47.29,3210.80
1391,United States,"Stillwater, OK",54.16,16.67,16.67,13.20,886.67
1392,United States,"Stockton, CA",147.48,31.86,219.30,198.09,7524.00
1393,United States,"Sugar Land, TX",124.49,28.00,47.81,93.68,6384.00
1394,United States,"Sunnyvale, CA",116.34,26.88,32.40,117.44,5320.00
1395,United States,"Syracuse, NY",101.47,19.50,19.50,102.55,4547.00
1396,United States,"Tacoma, WA",221.15,44.73,3361.54,324.40,10086.40
1397,United States,"Tallahassee, FL",108.33,20.43,20.43,114.57,5282.00
1398,United States,"Tampa, FL",174.51,36.09,727.94,200.85,9461.34
1399,United States,"Temecula, CA",218.40,44.60,3300.84,312.38,9735.60
1400,United States,"Tempe, AZ",122.76,28.12,50.26,103.31,5987.50
1401,United States,"Terre Haute, IN",70.98,11.25,11.25,29.74,2593.50
1402,United States,"The Woodlands, TX",175.34,36.00,713.33,218.27,9576.00
1403,United States,"Toledo, OH",222.30,45.67,3806.43,233.47,9930.67
1404,United States,"Topeka, KS",80.02,13.00,13.00,35.82,3298.40
1405,United States,"Tucson, AZ",124.25,27.69,42.36,128.52,6196.55
1406,United States,"Tulsa, OK",104.35,19.62,19.62,103.95,4914.67
1407,United States,"Tyler, TX",129.32,26.67,30.68,166.17,7093.33
1408,United States,"Valdosta, GA",104.90,19.67,19.67,71.75,5231.33
1409,United States,"Vallejo, CA",325.34,59.50,15202.98,490.13,14497.00
1410,United States,"Vancouver, WA",141.41,31.76,212.21,138.57,6941.14
1411,United States,"Victorville, CA",347.44,61.67,17931.92,565.96,16403.33
1412,United States,"Virginia Beach, VA",112.40,22.25,22.25,90.50,5763.33
1413,United States,"Waco, TX",106.73,20.00,20.00,86.89,5320.00
1414,United States,"Walla Walla, WA",94.92,17.00,17.00,136.60,3857.00
1415,United States,"Walnut Creek, CA",77.38,12.00,12.00,29.31,3192.00
1416,United States,"Warner Robins, GA",122.58,27.20,35.73,117.62,6171.20
1417,United States,"Washington, DC",187.54,40.49,1759.09,234.77,8060.15
1418,United States,"Wasilla, AK",87.34,14.33,14.33,67.14,3724.00
1419,United States,"West Palm Beach, FL",145.22,30.92,156.44,146.30,8046.50
1420,United States,"West Plains, MO",58.25,7.33,7.33,16.33,1950.67
1421,United States,"Westminster, MD",105.67,18.67,18.67,149.16,4965.33
1422,United States,"Wichita, KS",104.75,22.05,22.05,90.47,4691.27
1423,United States,"Wilmington, DE",197.02,41.00,1916.59,502.54,8068.67
1424,United States,"Wilmington, NC",106.86,22.17,22.17,76.35,5076.17
1425,United States,"Winston-Salem, NC",118.98,24.62,24.62,127.96,6097.54
1426,United States,"Worcester, MA",125.97,26.20,27.84,121.18,6969.20
1427,United States,"Yonkers, NY",92.00,27.67,42.05,63.72,2486.67
1428,United States,"York, PA",200.93,42.57,2462.13,285.05,8436.86
1429,United States,"Youngstown, OH",94.96,16.67,16.67,58.24,4433.33
1430,Uruguay,Montevideo,140.77,37.84,1069.85,150.95,3355.65
1431,Uzbekistan,Tashkent,105.83,29.92,106.08,114.51,3014.62
1432,Venezuela,Caracas,150.20,34.06,433.42,210.73,6529.66
1433,Venezuela,Valencia,199.87,46.67,4322.88,210.69,5320.00
1434,Vietnam,Da Nang,90.28,19.83,19.83,54.13,3438.33
1435,Vietnam,Hanoi,106.78,28.68,63.32,111.08,3552.46
1436,Vietnam,Ho Chi Minh City,117.93,31.58,199.44,128.77,3705.48
1437,Zambia,Lusaka,165.62,38.86,1307.65,164.89,6047.43
1438,Zimbabwe,Harare,135.10,31.50,193.58,125.83,6157.00
